#
# A fatal error has been detected by the Java Runtime Environment:
#
#  EXCEPTION_ACCESS_VIOLATION (0xc0000005) at pc=0x00007ffae90739ab, pid=35392, tid=15860
#
# JRE version: OpenJDK Runtime Environment Temurin-25.0.2+10 (25.0.2+10) (build 25.0.2+10-LTS)
# Java VM: OpenJDK 64-Bit Server VM Temurin-25.0.2+10 (25.0.2+10-LTS, mixed mode, sharing, tiered, compressed oops, compressed class ptrs, g1 gc, windows-amd64)
# Problematic frame:
# V  [jvm.dll+0x4539ab]
#
# No core dump will be written. Minidumps are not enabled by default on client versions of Windows
#
# If you would like to submit a bug report, please visit:
#   https://github.com/adoptium/adoptium-support/issues
#

---------------  S U M M A R Y ------------

Command Line: --add-opens=java.base/java.lang=ALL-UNNAMED --add-opens=java.base/java.lang.invoke=ALL-UNNAMED --add-opens=java.base/java.util=ALL-UNNAMED --add-opens=java.prefs/java.util.prefs=ALL-UNNAMED --add-exports=jdk.compiler/com.sun.tools.javac.api=ALL-UNNAMED --add-exports=jdk.compiler/com.sun.tools.javac.util=ALL-UNNAMED --add-opens=java.base/java.util=ALL-UNNAMED --add-opens=java.prefs/java.util.prefs=ALL-UNNAMED --add-opens=java.base/java.nio.charset=ALL-UNNAMED --add-opens=java.base/java.net=ALL-UNNAMED --add-opens=java.base/java.util.concurrent=ALL-UNNAMED --add-opens=java.base/java.util.concurrent.atomic=ALL-UNNAMED --add-opens=java.xml/javax.xml.namespace=ALL-UNNAMED --add-opens=java.base/java.time=ALL-UNNAMED --enable-native-access=ALL-UNNAMED -XX:MaxMetaspaceSize=384m -XX:+HeapDumpOnOutOfMemoryError -Xms256m -Xmx512m -Dfile.encoding=UTF-8 -Duser.country=US -Duser.language=en -Duser.variant -javaagent:C:\Users\usuario\.gradle\wrapper\dists\gradle-9.3.0-bin\79n14ral3mx1ozqr3csh2u872\gradle-9.3.0\lib\agents\gradle-instrumentation-agent-9.3.0.jar org.gradle.launcher.daemon.bootstrap.GradleDaemon 9.3.0

Host: Intel(R) Core(TM) i9-14900KF, 24 cores, 63G,  Windows 11 , 64 bit Build 26100 (10.0.26100.8328)
Time: Fri Jun  5 19:45:41 2026 Romance Daylight Time elapsed time: 6.077161 seconds (0d 0h 0m 6s)

---------------  T H R E A D  ---------------

Current thread (0x000001619f796a60):  JavaThread "C2 CompilerThread1" daemon [_thread_in_native, id=15860, stack(0x000000066c700000,0x000000066c800000) (1024K)]


Current CompileTask:
C2:6077 6193       4       groovyjarjarantlr4.v4.runtime.atn.PredictionContext::getCachedContext (297 bytes)

Stack: [0x000000066c700000,0x000000066c800000],  sp=0x000000066c7fcca0,  free space=1011k
Native frames: (J=compiled Java code, j=interpreted, Vv=VM code, C=native code)
V  [jvm.dll+0x4539ab]  (no source info available)
V  [jvm.dll+0x452e61]  (no source info available)
V  [jvm.dll+0x253c9c]  (no source info available)
V  [jvm.dll+0x2c027c]  (no source info available)
V  [jvm.dll+0x2bf3cf]  (no source info available)
V  [jvm.dll+0x237140]  (no source info available)
V  [jvm.dll+0x2cf4c6]  (no source info available)
V  [jvm.dll+0x2cd74a]  (no source info available)
V  [jvm.dll+0x48fbee]  (no source info available)
V  [jvm.dll+0x996b0d]  (no source info available)
V  [jvm.dll+0x7a71a5]  (no source info available)
C  [ucrtbase.dll+0x37b0]  (no source info available)
C  [KERNEL32.DLL+0x2e957]  (no source info available)
C  [ntdll.dll+0x427c]  (no source info available)


siginfo: EXCEPTION_ACCESS_VIOLATION (0xc0000005), reading address 0x00000161a1a36df4


Registers:
RAX=0x0000000000002240, RBX=0x00000161a1a36d58, RCX=0x0000000000000032, RDX=0x0000000000000032
RSP=0x000000066c7fcca0, RBP=0x000000066c7fce80, RSI=0x000000000000047e, RDI=0x00000161a18e09e8
R8 =0x0000000000002240, R9 =0x0000000000000172, R10=0x0000000000000000, R11=0x0000000000000000
R12=0x000000000000047e, R13=0x000000000000000a, R14=0x000000066c7fd230, R15=0x0000000000000000
RIP=0x00007ffae90739ab, EFLAGS=0x0000000000010202

XMM[0]=0x0000000000000000 0x0000000000000000
XMM[1]=0x0000000000000000 0x0000000000000000
XMM[2]=0xa4ffffe1123ff214 0x02464aafffffffff
XMM[3]=0x000001619c99cf38 0x00000161a0815028
XMM[4]=0x000001619c99cae8 0x000001619f170528
XMM[5]=0xffffffffffffffff 0xffffffffffffffff
XMM[6]=0x0000000000000000 0x0000000000000000
XMM[7]=0x0000000000000000 0x0000000000000000
XMM[8]=0x0000000000000000 0x0000000000000000
XMM[9]=0x0000000000000000 0x0000000000000000
XMM[10]=0x0000000000000000 0x0000000000000000
XMM[11]=0x0000000000000000 0x0000000000000000
XMM[12]=0x0000000000000000 0x0000000000000000
XMM[13]=0x0000000000000000 0x0000000000000000
XMM[14]=0x0000000000000000 0x0000000000000000
XMM[15]=0x0000000000000000 0x0000000000000000
  MXCSR=0x00001fb2


Register to memory mapping:

RAX=0x0000000000002240 is an unknown value
RBX=0x00000161a1a36d58 is an unknown value
RCX=0x0000000000000032 is an unknown value
RDX=0x0000000000000032 is an unknown value
RSP=0x000000066c7fcca0 is pointing into the stack for thread: 0x000001619f796a60
RBP=0x000000066c7fce80 is pointing into the stack for thread: 0x000001619f796a60
RSI=0x000000000000047e is an unknown value
RDI=0x00000161a18e09e8 points into unknown readable memory: 0x0000000000000000 | 00 00 00 00 00 00 00 00
R8 =0x0000000000002240 is an unknown value
R9 =0x0000000000000172 is an unknown value
R10=0x0 is null
R11=0x0 is null
R12=0x000000000000047e is an unknown value
R13=0x000000000000000a is an unknown value
R14=0x000000066c7fd230 is pointing into the stack for thread: 0x000001619f796a60
R15=0x0 is null

Top of Stack: (sp=0x000000066c7fcca0)
0x000000066c7fcca0:   000000000000047e 00000161a18e09e8   ~...........a...
0x000000066c7fccb0:   00000161a18ae150 0000000000000005   P...a...........
0x000000066c7fccc0:   0000000000002240 0000000200000172   @"......r.......
0x000000066c7fccd0:   0000000500000002 000001619e106240   ........@b..a...
0x000000066c7fcce0:   00000161a1734358 00000161a1734348   XCs.a...HCs.a...
0x000000066c7fccf0:   000000066c7fd230 0000000000000000   0..l............
0x000000066c7fcd00:   000001619ef14358 00007ffae9072e61   XC..a...a.......
0x000000066c7fcd10:   00000161a1734348 00000161a0557cb8   HCs.a....|U.a...
0x000000066c7fcd20:   000000000000000a 000001619c288500   ..........(.a...
0x000000066c7fcd30:   000000066c7f0000 0000000000000000   ...l............
0x000000066c7fcd40:   000001619c2904f0 0000002000000000   ..).a....... ...
0x000000066c7fcd50:   0000016100000006 00007ffae97f92a8   ....a...........
0x000000066c7fcd60:   0000000000000000 000000066c7fe6f0   ...........l....
0x000000066c7fcd70:   0000000000000000 0000000000000000   ................
0x000000066c7fcd80:   00000000000003d8 000001619dd32840   ........@(..a...
0x000000066c7fcd90:   0000000000000012 000000066c7fd310   ...........l....
0x000000066c7fcda0:   000000066c7fd298 000000066c7fcec0   ...l.......l....
0x000000066c7fcdb0:   000001619dd32858 00007ffae8e73c9c   X(..a....<......
0x000000066c7fcdc0:   0000016100000200 000000060000047e   ....a...~.......
0x000000066c7fcdd0:   00000161a0557cb8 000000066c7fd230   .|U.a...0..l....
0x000000066c7fcde0:   3ff0000000000000 0000000200000002   .......?........
0x000000066c7fcdf0:   000001619e780507 00000000000c20b0   ..x.a.... ......
0x000000066c7fce00:   000001619dd32840 00000161a0816210   @(..a....b..a...
0x000000066c7fce10:   00000161a081d4e8 00000161a081e200   ....a.......a...
0x000000066c7fce20:   000001619dd32858 000000066c7fcf70   X(..a...p..l....
0x000000066c7fce30:   0000000000000000 0000000000000000   ................
0x000000066c7fce40:   00007ffae99ba1a0 0000000000007f00   ................
0x000000066c7fce50:   0000000000000000 00007ffae97f92c8   ................
0x000000066c7fce60:   0000000000000000 000000066c7fe6f0   ...........l....
0x000000066c7fce70:   0000000000000000 0000000000007f00   ................
0x000000066c7fce80:   000000000000000c 000000066c7fe6f0   ...........l....
0x000000066c7fce90:   00000161a1873e58 3fafe58d9f2add00   X>..a.....*....?

Instructions: (pc=0x00007ffae90739ab)
  0x00007ffae90738ab:   e9 08 48 8b fe 4c 8b 04 c8 4c 3b c5 48 8b 6c 24
  0x00007ffae90738bb:   30 75 0d 8b d6 48 8b cb e8 c8 57 00 00 4c 8b c0
  0x00007ffae90738cb:   40 0f b6 cf ba 01 00 00 00 48 c1 ef 06 80 e1 3f
  0x00007ffae90738db:   83 e7 03 48 d3 e2 49 8b 0c f8 48 8b c1 48 0b c2
  0x00007ffae90738eb:   49 89 04 f8 48 8b 7c 24 38 48 23 ca 75 02 ff 03
  0x00007ffae90738fb:   48 8b 5c 24 40 48 85 c9 0f 94 c0 48 83 c4 20 5e
  0x00007ffae907390b:   c3 cc cc cc cc 4c 8b dc 56 41 56 48 83 ec 58 41
  0x00007ffae907391b:   83 38 00 4c 8b f1 8b f2 0f 84 5e 01 00 00 48 8b
  0x00007ffae907392b:   41 70 41 8b 48 04 49 89 7b 18 48 69 fe b8 00 00
  0x00007ffae907393b:   00 4d 89 7b e8 45 33 ff 48 03 78 20 49 8b 40 08
  0x00007ffae907394b:   4d 89 7b b8 45 89 7b c0 49 c7 43 c4 04 00 00 00
  0x00007ffae907395b:   89 4c 24 34 4d 89 7b d0 49 89 43 d8 4d 89 43 e0
  0x00007ffae907396b:   85 c9 0f 84 07 01 00 00 49 8d 4b b8 e8 64 55 00
  0x00007ffae907397b:   00 44 8b c0 85 c0 0f 84 f3 00 00 00 4c 8b 4c 24
  0x00007ffae907398b:   20 48 89 5c 24 70 48 89 6c 24 78 49 8b 6e 70 4d
  0x00007ffae907399b:   8b d7 41 8b c0 48 69 d8 b8 00 00 00 48 03 5d 20
=>0x00007ffae90739ab:   44 8b 9b 9c 00 00 00 44 39 9f 9c 00 00 00 8b 83
  0x00007ffae90739bb:   98 00 00 00 44 0f 42 9f 9c 00 00 00 39 87 98 00
  0x00007ffae90739cb:   00 00 0f 47 87 98 00 00 00 41 3b c3 77 46 0f 1f
  0x00007ffae90739db:   80 00 00 00 00 48 8b 4c c7 38 48 23 4c c3 38 ff
  0x00007ffae90739eb:   c0 4c 0b d1 41 3b c3 76 ec 4d 85 d2 74 26 48 8b
  0x00007ffae90739fb:   c6 41 3b f0 73 06 41 8b c0 44 8b c6 48 69 c8 a8
  0x00007ffae9073a0b:   00 00 00 41 8b d0 48 03 4d 10 e8 e6 fd ff ff 4c
  0x00007ffae9073a1b:   8b 4c 24 20 4d 85 c9 74 20 44 8b 44 24 28 49 0f
  0x00007ffae9073a2b:   bc c1 8b c8 49 d3 e9 49 ff c9 44 03 c0 4c 89 4c
  0x00007ffae9073a3b:   24 20 44 89 44 24 28 eb 23 83 7c 24 2c 04 72 0a
  0x00007ffae9073a4b:   8b 44 24 34 39 44 24 30 73 1b 48 8d 4c 24 20 e8
  0x00007ffae9073a5b:   81 54 00 00 4c 8b 4c 24 20 44 8b c0 45 85 c0 0f
  0x00007ffae9073a6b:   85 26 ff ff ff 48 8b 6c 24 78 48 8b 5c 24 70 48
  0x00007ffae9073a7b:   8b bc 24 80 00 00 00 4c 8b 7c 24 50 48 83 c4 58
  0x00007ffae9073a8b:   41 5e 5e c3 cc 48 89 5c 24 08 48 89 74 24 10 57
  0x00007ffae9073a9b:   48 83 ec 20 49 8d 49 38 49 8b f9 41 8b f0 e8 42


Stack slot to memory mapping:

stack at sp + 0 slots: 0x000000000000047e is an unknown value
stack at sp + 1 slots: 0x00000161a18e09e8 points into unknown readable memory: 0x0000000000000000 | 00 00 00 00 00 00 00 00
stack at sp + 2 slots: 0x00000161a18ae150 points into unknown readable memory: 0x0000000000000000 | 00 00 00 00 00 00 00 00
stack at sp + 3 slots: 0x0000000000000005 is an unknown value
stack at sp + 4 slots: 0x0000000000002240 is an unknown value
stack at sp + 5 slots: 0x0000000200000172 is an unknown value
stack at sp + 6 slots: 0x0000000500000002 is an unknown value
stack at sp + 7 slots: 0x000001619e106240 points into unknown readable memory: 0x0000000000000000 | 00 00 00 00 00 00 00 00

Lock stack of current Java thread (top to bottom):


---------------  P R O C E S S  ---------------

Threads class SMR info:
_java_thread_list=0x000001619e1d5a00, length=59, elements={
0x00000161faff2750, 0x00000161ffd30320, 0x00000161ffd30ae0, 0x00000161ffd31670,
0x00000161ffd36130, 0x00000161ffd355d0, 0x00000161ffd491a0, 0x00000161ffd57cf0,
0x00000161ffd59d30, 0x00000161ffd4c850, 0x00000161ffd4d7f0, 0x00000161ffd41960,
0x00000161ffd45fb0, 0x00000161ffd46780, 0x00000161ffd47ef0, 0x000001619dae54a0,
0x000001619de9f1b0, 0x000001619de9caa0, 0x000001619de9bb00, 0x000001619f89a760,
0x000001619f89e5e0, 0x000001619f89d640, 0x000001619f89de10, 0x000001619dae8380,
0x000001619dae9320, 0x000001619dae5c70, 0x000001619dae6440, 0x000001619daeb260,
0x00000161ffd4a140, 0x000001619d60cac0, 0x00000161ffd4f730, 0x00000161ffd4ff00,
0x000001619ec7e3e0, 0x000001619ec7ad30, 0x000001619ec7d440, 0x000001619ec7dc10,
0x000001619ec7cc70, 0x00000161a029e3d0, 0x00000161a02a2250, 0x00000161a029eba0,
0x00000161a02a12b0, 0x00000161a02a2a20, 0x00000161a02a4190, 0x00000161a02a4960,
0x00000161a02a5900, 0x00000161a0ce44b0, 0x00000161a0ce5450, 0x00000161a0ce2570,
0x00000161a0ce2d40, 0x00000161a0ce7b60, 0x00000161a0ce7390, 0x00000161a06f1ce0,
0x000001619f797a80, 0x000001619f799ac0, 0x000001619f796a60, 0x000001619f7992b0,
0x000001619f79a2d0, 0x000001619f79aae0, 0x000001619f79b2f0
}

Java Threads: ( => current thread )
  0x00000161faff2750 JavaThread "main"                              [_thread_blocked, id=39192, stack(0x0000000667d00000,0x0000000667e00000) (1024K)]
  0x00000161ffd30320 JavaThread "Reference Handler"          daemon [_thread_blocked, id=39492, stack(0x0000000668500000,0x0000000668600000) (1024K)]
  0x00000161ffd30ae0 JavaThread "Finalizer"                  daemon [_thread_blocked, id=3776, stack(0x0000000668600000,0x0000000668700000) (1024K)]
  0x00000161ffd31670 JavaThread "Signal Dispatcher"          daemon [_thread_blocked, id=37628, stack(0x0000000668700000,0x0000000668800000) (1024K)]
  0x00000161ffd36130 JavaThread "Attach Listener"            daemon [_thread_blocked, id=16836, stack(0x0000000668800000,0x0000000668900000) (1024K)]
  0x00000161ffd355d0 JavaThread "Service Thread"             daemon [_thread_blocked, id=40608, stack(0x0000000668900000,0x0000000668a00000) (1024K)]
  0x00000161ffd491a0 JavaThread "Monitor Deflation Thread"   daemon [_thread_blocked, id=40656, stack(0x0000000668a00000,0x0000000668b00000) (1024K)]
  0x00000161ffd57cf0 JavaThread "C2 CompilerThread0"         daemon [_thread_blocked, id=34744, stack(0x0000000668b00000,0x0000000668c00000) (1024K)]
  0x00000161ffd59d30 JavaThread "C1 CompilerThread0"         daemon [_thread_blocked, id=40876, stack(0x0000000668c00000,0x0000000668d00000) (1024K)]
  0x00000161ffd4c850 JavaThread "Common-Cleaner"             daemon [_thread_blocked, id=10832, stack(0x0000000668f00000,0x0000000669000000) (1024K)]
  0x00000161ffd4d7f0 JavaThread "Notification Thread"        daemon [_thread_blocked, id=2688, stack(0x0000000669000000,0x0000000669100000) (1024K)]
  0x00000161ffd41960 JavaThread "Daemon health stats"               [_thread_blocked, id=412, stack(0x0000000669b00000,0x0000000669c00000) (1024K)]
  0x00000161ffd45fb0 JavaThread "Incoming local TCP Connector on port 55809"        [_thread_in_native, id=18908, stack(0x0000000669c00000,0x0000000669d00000) (1024K)]
  0x00000161ffd46780 JavaThread "Daemon periodic checks"            [_thread_blocked, id=6168, stack(0x0000000669d00000,0x0000000669e00000) (1024K)]
  0x00000161ffd47ef0 JavaThread "Daemon"                            [_thread_blocked, id=2764, stack(0x0000000669e00000,0x0000000669f00000) (1024K)]
  0x000001619dae54a0 JavaThread "Daemon worker"                     [_thread_in_vm, id=11048, stack(0x000000066a100000,0x000000066a200000) (1024K)]
  0x000001619de9f1b0 JavaThread "Cache worker for journal cache (C:\Users\usuario\.gradle\caches\journal-1)"        [_thread_blocked, id=25460, stack(0x000000066b100000,0x000000066b200000) (1024K)]
  0x000001619de9caa0 JavaThread "File lock request listener"        [_thread_in_native, id=2304, stack(0x000000066b200000,0x000000066b300000) (1024K)]
  0x000001619de9bb00 JavaThread "Cache worker for file hash cache (C:\Users\usuario\.gradle\caches\9.3.0\fileHashes)"        [_thread_blocked, id=20000, stack(0x000000066b300000,0x000000066b400000) (1024K)]
  0x000001619f89a760 JavaThread "File watcher server"        daemon [_thread_in_native, id=22688, stack(0x000000066ba00000,0x000000066bb00000) (1024K)]
  0x000001619f89e5e0 JavaThread "File watcher consumer"      daemon [_thread_blocked, id=35600, stack(0x000000066bb00000,0x000000066bc00000) (1024K)]
  0x000001619f89d640 JavaThread "VFS cleanup"                       [_thread_blocked, id=39028, stack(0x000000066a200000,0x000000066a300000) (1024K)]
  0x000001619f89de10 JavaThread "Handler for socket connection from /127.0.0.1:55809 to /127.0.0.1:55821"        [_thread_in_native, id=15364, stack(0x0000000668d00000,0x0000000668e00000) (1024K)]
  0x000001619dae8380 JavaThread "Cancel handler"                    [_thread_blocked, id=32432, stack(0x0000000668e00000,0x0000000668f00000) (1024K)]
  0x000001619dae9320 JavaThread "Asynchronous log dispatcher for DefaultDaemonConnection: socket connection from /127.0.0.1:55809 to /127.0.0.1:55821"        [_thread_blocked, id=38156, stack(0x0000000669100000,0x0000000669200000) (1024K)]
  0x000001619dae5c70 JavaThread "Stdin handler"                     [_thread_blocked, id=4736, stack(0x0000000669200000,0x0000000669300000) (1024K)]
  0x000001619dae6440 JavaThread "Daemon client event forwarder"        [_thread_blocked, id=37748, stack(0x0000000669300000,0x0000000669400000) (1024K)]
  0x000001619daeb260 JavaThread "Cache worker for file hash cache (C:\Lluis\GitHub\jumpr-kore\.gradle\9.3.0\fileHashes)"        [_thread_blocked, id=3788, stack(0x0000000669400000,0x0000000669500000) (1024K)]
  0x00000161ffd4a140 JavaThread "Cache worker for Build Output Cleanup Cache (C:\Lluis\GitHub\jumpr-kore\.gradle\buildOutputCleanup)"        [_thread_blocked, id=25180, stack(0x0000000669500000,0x0000000669600000) (1024K)]
  0x000001619d60cac0 JavaThread "C1 CompilerThread1"         daemon [_thread_blocked, id=36724, stack(0x0000000669f00000,0x000000066a000000) (1024K)]
  0x00000161ffd4f730 JavaThread "jar transforms"                    [_thread_blocked, id=32600, stack(0x000000066a000000,0x000000066a100000) (1024K)]
  0x00000161ffd4ff00 JavaThread "jar transforms Thread 2"           [_thread_blocked, id=41672, stack(0x000000066a300000,0x000000066a400000) (1024K)]
  0x000001619ec7e3e0 JavaThread "jar transforms Thread 3"           [_thread_blocked, id=34440, stack(0x000000066a400000,0x000000066a500000) (1024K)]
  0x000001619ec7ad30 JavaThread "jar transforms Thread 4"           [_thread_blocked, id=11108, stack(0x000000066b800000,0x000000066b900000) (1024K)]
  0x000001619ec7d440 JavaThread "jar transforms Thread 5"           [_thread_blocked, id=35640, stack(0x000000066b900000,0x000000066ba00000) (1024K)]
  0x000001619ec7dc10 JavaThread "jar transforms Thread 6"           [_thread_blocked, id=25328, stack(0x000000066bc00000,0x000000066bd00000) (1024K)]
  0x000001619ec7cc70 JavaThread "jar transforms Thread 7"           [_thread_blocked, id=40416, stack(0x000000066bd00000,0x000000066be00000) (1024K)]
  0x00000161a029e3d0 JavaThread "jar transforms Thread 8"           [_thread_blocked, id=24644, stack(0x000000066be00000,0x000000066bf00000) (1024K)]
  0x00000161a02a2250 JavaThread "jar transforms Thread 9"           [_thread_blocked, id=35284, stack(0x000000066bf00000,0x000000066c000000) (1024K)]
  0x00000161a029eba0 JavaThread "jar transforms Thread 10"          [_thread_blocked, id=40484, stack(0x000000066c000000,0x000000066c100000) (1024K)]
  0x00000161a02a12b0 JavaThread "jar transforms Thread 11"          [_thread_blocked, id=7096, stack(0x000000066c100000,0x000000066c200000) (1024K)]
  0x00000161a02a2a20 JavaThread "jar transforms Thread 12"          [_thread_blocked, id=9952, stack(0x000000066c200000,0x000000066c300000) (1024K)]
  0x00000161a02a4190 JavaThread "jar transforms Thread 13"          [_thread_blocked, id=12212, stack(0x000000066c300000,0x000000066c400000) (1024K)]
  0x00000161a02a4960 JavaThread "jar transforms Thread 14"          [_thread_blocked, id=16088, stack(0x000000066c400000,0x000000066c500000) (1024K)]
  0x00000161a02a5900 JavaThread "jar transforms Thread 15"          [_thread_blocked, id=4836, stack(0x000000066c500000,0x000000066c600000) (1024K)]
  0x00000161a0ce44b0 JavaThread "jar transforms Thread 16"          [_thread_blocked, id=40932, stack(0x000000066c600000,0x000000066c700000) (1024K)]
  0x00000161a0ce5450 JavaThread "Cache worker for checksums cache (C:\Lluis\GitHub\jumpr-kore\.gradle\9.3.0\checksums)"        [_thread_blocked, id=2512, stack(0x000000066c900000,0x000000066ca00000) (1024K)]
  0x00000161a0ce2570 JavaThread "Cache worker for file content cache (C:\Users\usuario\.gradle\caches\9.3.0\fileContent)"        [_thread_blocked, id=35424, stack(0x000000066ca00000,0x000000066cb00000) (1024K)]
  0x00000161a0ce2d40 JavaThread "Cache worker for cache directory md-supplier (C:\Users\usuario\.gradle\caches\9.3.0\md-supplier)"        [_thread_blocked, id=40324, stack(0x000000066cb00000,0x000000066cc00000) (1024K)]
  0x00000161a0ce7b60 JavaThread "Cache worker for cache directory md-rule (C:\Users\usuario\.gradle\caches\9.3.0\md-rule)"        [_thread_blocked, id=41968, stack(0x000000066cc00000,0x000000066cd00000) (1024K)]
  0x00000161a0ce7390 JavaThread "jar transforms Thread 17"          [_thread_blocked, id=36768, stack(0x000000066cd00000,0x000000066ce00000) (1024K)]
  0x00000161a06f1ce0 JavaThread "jar transforms Thread 18"          [_thread_blocked, id=11228, stack(0x000000066ce00000,0x000000066cf00000) (1024K)]
  0x000001619f797a80 JavaThread "C1 CompilerThread2"         daemon [_thread_blocked, id=33952, stack(0x000000066c800000,0x000000066c900000) (1024K)]
  0x000001619f799ac0 JavaThread "C1 CompilerThread3"         daemon [_thread_blocked, id=38636, stack(0x000000066cf00000,0x000000066d000000) (1024K)]
=>0x000001619f796a60 JavaThread "C2 CompilerThread1"         daemon [_thread_in_native, id=15860, stack(0x000000066c700000,0x000000066c800000) (1024K)]
  0x000001619f7992b0 JavaThread "C2 CompilerThread2"         daemon [_thread_in_native, id=24652, stack(0x000000066d000000,0x000000066d100000) (1024K)]
  0x000001619f79a2d0 JavaThread "C2 CompilerThread3"         daemon [_thread_in_native, id=14168, stack(0x000000066d100000,0x000000066d200000) (1024K)]
  0x000001619f79aae0 JavaThread "C2 CompilerThread4"         daemon [_thread_in_native, id=3056, stack(0x000000066d200000,0x000000066d300000) (1024K)]
  0x000001619f79b2f0 JavaThread "C2 CompilerThread5"         daemon [_thread_in_native, id=3936, stack(0x000000066d300000,0x000000066d400000) (1024K)]
Total: 59

Other Threads:
  0x00000161ffd20f60 VMThread "VM Thread"                           [id=12848, stack(0x0000000668400000,0x0000000668500000) (1024K)]
  0x00000161ffbe8d40 WatcherThread "VM Periodic Task Thread"        [id=17568, stack(0x0000000668300000,0x0000000668400000) (1024K)]
  0x00000161fb023200 WorkerThread "GC Thread#0"                     [id=25592, stack(0x0000000667e00000,0x0000000667f00000) (1024K)]
  0x000001619cd331b0 WorkerThread "GC Thread#1"                     [id=30380, stack(0x0000000669600000,0x0000000669700000) (1024K)]
  0x000001619cd335e0 WorkerThread "GC Thread#2"                     [id=12148, stack(0x0000000669700000,0x0000000669800000) (1024K)]
  0x000001619cd3fdd0 WorkerThread "GC Thread#3"                     [id=35768, stack(0x0000000669800000,0x0000000669900000) (1024K)]
  0x000001619cd40a10 WorkerThread "GC Thread#4"                     [id=37196, stack(0x0000000669900000,0x0000000669a00000) (1024K)]
  0x000001619cd6d9b0 WorkerThread "GC Thread#5"                     [id=12980, stack(0x0000000669a00000,0x0000000669b00000) (1024K)]
  0x000001619cd6d560 WorkerThread "GC Thread#6"                     [id=35612, stack(0x000000066a500000,0x000000066a600000) (1024K)]
  0x000001619cd6eaf0 WorkerThread "GC Thread#7"                     [id=38368, stack(0x000000066a600000,0x000000066a700000) (1024K)]
  0x000001619cd6d110 WorkerThread "GC Thread#8"                     [id=5504, stack(0x000000066a700000,0x000000066a800000) (1024K)]
  0x000001619cd6de00 WorkerThread "GC Thread#9"                     [id=11372, stack(0x000000066a800000,0x000000066a900000) (1024K)]
  0x000001619cd6ef40 WorkerThread "GC Thread#10"                    [id=7048, stack(0x000000066a900000,0x000000066aa00000) (1024K)]
  0x000001619cd70080 WorkerThread "GC Thread#11"                    [id=24580, stack(0x000000066aa00000,0x000000066ab00000) (1024K)]
  0x000001619cd6f390 WorkerThread "GC Thread#12"                    [id=24792, stack(0x000000066ab00000,0x000000066ac00000) (1024K)]
  0x000001619cd704d0 WorkerThread "GC Thread#13"                    [id=10492, stack(0x000000066ac00000,0x000000066ad00000) (1024K)]
  0x000001619dea1f10 WorkerThread "GC Thread#14"                    [id=38224, stack(0x000000066ad00000,0x000000066ae00000) (1024K)]
  0x000001619de9fc90 WorkerThread "GC Thread#15"                    [id=17360, stack(0x000000066ae00000,0x000000066af00000) (1024K)]
  0x000001619dea2c00 WorkerThread "GC Thread#16"                    [id=38008, stack(0x000000066af00000,0x000000066b000000) (1024K)]
  0x000001619dea3d40 WorkerThread "GC Thread#17"                    [id=38144, stack(0x000000066b000000,0x000000066b100000) (1024K)]
  0x00000161fb02c1e0 ConcurrentGCThread "G1 Main Marker"            [id=5320, stack(0x0000000667f00000,0x0000000668000000) (1024K)]
  0x00000161fb02d9d0 WorkerThread "G1 Conc#0"                       [id=30428, stack(0x0000000668000000,0x0000000668100000) (1024K)]
  0x000001619dea34a0 WorkerThread "G1 Conc#1"                       [id=14496, stack(0x000000066b400000,0x000000066b500000) (1024K)]
  0x000001619dea3050 WorkerThread "G1 Conc#2"                       [id=35084, stack(0x000000066b500000,0x000000066b600000) (1024K)]
  0x000001619dea1ac0 WorkerThread "G1 Conc#3"                       [id=6588, stack(0x000000066b600000,0x000000066b700000) (1024K)]
  0x000001619dea0dd0 WorkerThread "G1 Conc#4"                       [id=23964, stack(0x000000066b700000,0x000000066b800000) (1024K)]
  0x00000161ffbd4a20 ConcurrentGCThread "G1 Refine#0"               [id=30280, stack(0x0000000668100000,0x0000000668200000) (1024K)]
  0x00000161ffbd72f0 ConcurrentGCThread "G1 Service"                [id=18396, stack(0x0000000668200000,0x0000000668300000) (1024K)]
Total: 28

Threads with active compile tasks:
C2 CompilerThread1  6140 6193       4       groovyjarjarantlr4.v4.runtime.atn.PredictionContext::getCachedContext (297 bytes)
C2 CompilerThread2  6140 6293       4       groovyjarjarantlr4.v4.runtime.atn.PredictionContext::join (549 bytes)
C2 CompilerThread3  6140 6305 %     4       groovyjarjarantlr4.v4.runtime.atn.ParserATNSimulator::computeTargetState @ 190 (583 bytes)
C2 CompilerThread4  6140 6284       4       groovyjarjarantlr4.v4.runtime.atn.ArrayPredictionContext::equals (244 bytes)
C2 CompilerThread5  6140 6304       4       groovyjarjarantlr4.v4.runtime.atn.ParserATNSimulator::closure (772 bytes)
Total: 5

VM state: not at safepoint (normal execution)

VM Mutex/Monitor currently owned by a thread: None

Heap address: 0x00000000e0000000, size: 512 MB, Compressed Oops mode: 32-bit

CDS archive(s) mapped at: [0x000000006a000000-0x000000006add0000-0x000000006add0000), size 14483456, SharedBaseAddress: 0x000000006a000000, ArchiveRelocationMode: 1.
Compressed class space mapped at: 0x000000006b000000-0x000000007f000000, reserved size: 335544320
UseCompressedClassPointers 1, UseCompactObjectHeaders 0
Narrow klass pointer bits 32, Max shift 3
Narrow klass base: 0x000000006a000000, Narrow klass shift: 0
Encoding Range: [0x000000006a000000 - 0x000000016a000000), (4294967296 bytes)
Klass Range:    [0x000000006a010000 - 0x000000007f000000), (352256000 bytes)
Klass ID Range:  [65536 - 352321529) (352255993)
Protection zone: [0x000000006a000000 - 0x000000006a010000), (65536 bytes)

GC Precious Log:
 CardTable entry size: 512
 Card Set container configuration: InlinePtr #cards 5 size 8 Array Of Cards #cards 10 size 36 Howl #buckets 4 coarsen threshold 1843 Howl Bitmap #cards 512 size 80 coarsen threshold 460 Card regions per heap region 1 cards per card region 2048
 CPUs: 24 total, 24 available
 Memory: 65369M
 Large Page Support: Disabled
 NUMA Support: Disabled
 Compressed Oops: Enabled (32-bit)
 Heap Region Size: 1M
 Heap Min Capacity: 256M
 Heap Initial Capacity: 256M
 Heap Max Capacity: 512M
 Pre-touch: Disabled
 Parallel Workers: 18
 Concurrent Workers: 5
 Concurrent Refinement Workers: 18
 Periodic GC: Disabled

Heap:
 garbage-first heap   total reserved 524288K, committed 262144K, used 157990K [0x00000000e0000000, 0x0000000100000000)
  region size 1024K, 117 young (119808K), 11 survivors (11264K)

Heap Regions: E=young(eden), S=young(survivor), O=old, HS=humongous(starts), HC=humongous(continues), CS=collection set, F=free, TAMS=top-at-mark-start, PB=parsable bottom
|   0|0x00000000e0000000, 0x00000000e0100000, 0x00000000e0100000|100%|HS|  |TAMS 0x00000000e0000000| PB 0x00000000e0000000| Complete |  0
|   1|0x00000000e0100000, 0x00000000e0200000, 0x00000000e0200000|100%|HC|  |TAMS 0x00000000e0100000| PB 0x00000000e0100000| Complete |  0
|   2|0x00000000e0200000, 0x00000000e0300000, 0x00000000e0300000|100%|HC|  |TAMS 0x00000000e0200000| PB 0x00000000e0200000| Complete |  0
|   3|0x00000000e0300000, 0x00000000e0400000, 0x00000000e0400000|100%|HC|  |TAMS 0x00000000e0300000| PB 0x00000000e0300000| Complete |  0
|   4|0x00000000e0400000, 0x00000000e0500000, 0x00000000e0500000|100%| O|  |TAMS 0x00000000e0400000| PB 0x00000000e0400000| Untracked |  0
|   5|0x00000000e0500000, 0x00000000e0600000, 0x00000000e0600000|100%| O|  |TAMS 0x00000000e0500000| PB 0x00000000e0500000| Untracked |  0
|   6|0x00000000e0600000, 0x00000000e0700000, 0x00000000e0700000|100%|HS|  |TAMS 0x00000000e0600000| PB 0x00000000e0600000| Complete |  0
|   7|0x00000000e0700000, 0x00000000e0800000, 0x00000000e0800000|100%|HS|  |TAMS 0x00000000e0700000| PB 0x00000000e0700000| Complete |  0
|   8|0x00000000e0800000, 0x00000000e0900000, 0x00000000e0900000|100%|HS|  |TAMS 0x00000000e0800000| PB 0x00000000e0800000| Complete |  0
|   9|0x00000000e0900000, 0x00000000e0a00000, 0x00000000e0a00000|100%| O|  |TAMS 0x00000000e0900000| PB 0x00000000e0900000| Untracked |  0
|  10|0x00000000e0a00000, 0x00000000e0b00000, 0x00000000e0b00000|100%| O|  |TAMS 0x00000000e0a00000| PB 0x00000000e0a00000| Untracked |  0
|  11|0x00000000e0b00000, 0x00000000e0c00000, 0x00000000e0c00000|100%| O|  |TAMS 0x00000000e0b00000| PB 0x00000000e0b00000| Untracked |  0
|  12|0x00000000e0c00000, 0x00000000e0d00000, 0x00000000e0d00000|100%| O|  |TAMS 0x00000000e0c00000| PB 0x00000000e0c00000| Untracked |  0
|  13|0x00000000e0d00000, 0x00000000e0dec360, 0x00000000e0e00000| 92%| O|  |TAMS 0x00000000e0d00000| PB 0x00000000e0d00000| Untracked |  0
|  14|0x00000000e0e00000, 0x00000000e0f00000, 0x00000000e0f00000|100%|HS|  |TAMS 0x00000000e0e00000| PB 0x00000000e0e00000| Complete |  0
|  15|0x00000000e0f00000, 0x00000000e1000000, 0x00000000e1000000|100%|HC|  |TAMS 0x00000000e0f00000| PB 0x00000000e0f00000| Complete |  0
|  16|0x00000000e1000000, 0x00000000e1100000, 0x00000000e1100000|100%|HC|  |TAMS 0x00000000e1000000| PB 0x00000000e1000000| Complete |  0
|  17|0x00000000e1100000, 0x00000000e1200000, 0x00000000e1200000|100%|HC|  |TAMS 0x00000000e1100000| PB 0x00000000e1100000| Complete |  0
|  18|0x00000000e1200000, 0x00000000e1300000, 0x00000000e1300000|100%|HC|  |TAMS 0x00000000e1200000| PB 0x00000000e1200000| Complete |  0
|  19|0x00000000e1300000, 0x00000000e1400000, 0x00000000e1400000|100%|HC|  |TAMS 0x00000000e1300000| PB 0x00000000e1300000| Complete |  0
|  20|0x00000000e1400000, 0x00000000e1500000, 0x00000000e1500000|100%|HS|  |TAMS 0x00000000e1400000| PB 0x00000000e1400000| Complete |  0
|  21|0x00000000e1500000, 0x00000000e1600000, 0x00000000e1600000|100%|HC|  |TAMS 0x00000000e1500000| PB 0x00000000e1500000| Complete |  0
|  22|0x00000000e1600000, 0x00000000e1700000, 0x00000000e1700000|100%|HC|  |TAMS 0x00000000e1600000| PB 0x00000000e1600000| Complete |  0
|  23|0x00000000e1700000, 0x00000000e1800000, 0x00000000e1800000|100%|HC|  |TAMS 0x00000000e1700000| PB 0x00000000e1700000| Complete |  0
|  24|0x00000000e1800000, 0x00000000e1900000, 0x00000000e1900000|100%|HC|  |TAMS 0x00000000e1800000| PB 0x00000000e1800000| Complete |  0
|  25|0x00000000e1900000, 0x00000000e1a00000, 0x00000000e1a00000|100%|HC|  |TAMS 0x00000000e1900000| PB 0x00000000e1900000| Complete |  0
|  26|0x00000000e1a00000, 0x00000000e1b00000, 0x00000000e1b00000|100%|HS|  |TAMS 0x00000000e1a00000| PB 0x00000000e1a00000| Complete |  0
|  27|0x00000000e1b00000, 0x00000000e1c00000, 0x00000000e1c00000|100%|HS|  |TAMS 0x00000000e1b00000| PB 0x00000000e1b00000| Complete |  0
|  28|0x00000000e1c00000, 0x00000000e1d00000, 0x00000000e1d00000|100%| O|  |TAMS 0x00000000e1c00000| PB 0x00000000e1c00000| Untracked |  0
|  29|0x00000000e1d00000, 0x00000000e1e00000, 0x00000000e1e00000|100%| O|  |TAMS 0x00000000e1d00000| PB 0x00000000e1d00000| Untracked |  0
|  30|0x00000000e1e00000, 0x00000000e1f00000, 0x00000000e1f00000|100%| O|  |TAMS 0x00000000e1e00000| PB 0x00000000e1e00000| Untracked |  0
|  31|0x00000000e1f00000, 0x00000000e2000000, 0x00000000e2000000|100%| O|  |TAMS 0x00000000e1f00000| PB 0x00000000e1f00000| Untracked |  0
|  32|0x00000000e2000000, 0x00000000e2100000, 0x00000000e2100000|100%| O|  |TAMS 0x00000000e2000000| PB 0x00000000e2000000| Untracked |  0
|  33|0x00000000e2100000, 0x00000000e2200000, 0x00000000e2200000|100%| O|  |TAMS 0x00000000e2100000| PB 0x00000000e2100000| Untracked |  0
|  34|0x00000000e2200000, 0x00000000e2300000, 0x00000000e2300000|100%| O|  |TAMS 0x00000000e2200000| PB 0x00000000e2200000| Untracked |  0
|  35|0x00000000e2300000, 0x00000000e2400000, 0x00000000e2400000|100%| O|Cm|TAMS 0x00000000e2300000| PB 0x00000000e2300000| Complete |  0
|  36|0x00000000e2400000, 0x00000000e2500000, 0x00000000e2500000|100%| O|  |TAMS 0x00000000e2400000| PB 0x00000000e2400000| Untracked |  0
|  37|0x00000000e2500000, 0x00000000e2600000, 0x00000000e2600000|100%| O|  |TAMS 0x00000000e2500000| PB 0x00000000e2500000| Untracked |  0
|  38|0x00000000e2600000, 0x00000000e26c6270, 0x00000000e2700000| 77%| O|  |TAMS 0x00000000e2600000| PB 0x00000000e2600000| Untracked |  0
|  39|0x00000000e2700000, 0x00000000e2700000, 0x00000000e2800000|  0%| F|  |TAMS 0x00000000e2700000| PB 0x00000000e2700000| Untracked |  0
|  40|0x00000000e2800000, 0x00000000e2800000, 0x00000000e2900000|  0%| F|  |TAMS 0x00000000e2800000| PB 0x00000000e2800000| Untracked |  0
|  41|0x00000000e2900000, 0x00000000e2900000, 0x00000000e2a00000|  0%| F|  |TAMS 0x00000000e2900000| PB 0x00000000e2900000| Untracked |  0
|  42|0x00000000e2a00000, 0x00000000e2a00000, 0x00000000e2b00000|  0%| F|  |TAMS 0x00000000e2a00000| PB 0x00000000e2a00000| Untracked |  0
|  43|0x00000000e2b00000, 0x00000000e2b00000, 0x00000000e2c00000|  0%| F|  |TAMS 0x00000000e2b00000| PB 0x00000000e2b00000| Untracked |  0
|  44|0x00000000e2c00000, 0x00000000e2c00000, 0x00000000e2d00000|  0%| F|  |TAMS 0x00000000e2c00000| PB 0x00000000e2c00000| Untracked |  0
|  45|0x00000000e2d00000, 0x00000000e2d00000, 0x00000000e2e00000|  0%| F|  |TAMS 0x00000000e2d00000| PB 0x00000000e2d00000| Untracked |  0
|  46|0x00000000e2e00000, 0x00000000e2e00000, 0x00000000e2f00000|  0%| F|  |TAMS 0x00000000e2e00000| PB 0x00000000e2e00000| Untracked |  0
|  47|0x00000000e2f00000, 0x00000000e2f00000, 0x00000000e3000000|  0%| F|  |TAMS 0x00000000e2f00000| PB 0x00000000e2f00000| Untracked |  0
|  48|0x00000000e3000000, 0x00000000e3000000, 0x00000000e3100000|  0%| F|  |TAMS 0x00000000e3000000| PB 0x00000000e3000000| Untracked |  0
|  49|0x00000000e3100000, 0x00000000e3100000, 0x00000000e3200000|  0%| F|  |TAMS 0x00000000e3100000| PB 0x00000000e3100000| Untracked |  0
|  50|0x00000000e3200000, 0x00000000e3200000, 0x00000000e3300000|  0%| F|  |TAMS 0x00000000e3200000| PB 0x00000000e3200000| Untracked |  0
|  51|0x00000000e3300000, 0x00000000e3300000, 0x00000000e3400000|  0%| F|  |TAMS 0x00000000e3300000| PB 0x00000000e3300000| Untracked |  0
|  52|0x00000000e3400000, 0x00000000e3400000, 0x00000000e3500000|  0%| F|  |TAMS 0x00000000e3400000| PB 0x00000000e3400000| Untracked |  0
|  53|0x00000000e3500000, 0x00000000e3500000, 0x00000000e3600000|  0%| F|  |TAMS 0x00000000e3500000| PB 0x00000000e3500000| Untracked |  0
|  54|0x00000000e3600000, 0x00000000e3600000, 0x00000000e3700000|  0%| F|  |TAMS 0x00000000e3600000| PB 0x00000000e3600000| Untracked |  0
|  55|0x00000000e3700000, 0x00000000e3700000, 0x00000000e3800000|  0%| F|  |TAMS 0x00000000e3700000| PB 0x00000000e3700000| Untracked |  0
|  56|0x00000000e3800000, 0x00000000e3800000, 0x00000000e3900000|  0%| F|  |TAMS 0x00000000e3800000| PB 0x00000000e3800000| Untracked |  0
|  57|0x00000000e3900000, 0x00000000e3900000, 0x00000000e3a00000|  0%| F|  |TAMS 0x00000000e3900000| PB 0x00000000e3900000| Untracked |  0
|  58|0x00000000e3a00000, 0x00000000e3a00000, 0x00000000e3b00000|  0%| F|  |TAMS 0x00000000e3a00000| PB 0x00000000e3a00000| Untracked |  0
|  59|0x00000000e3b00000, 0x00000000e3b00000, 0x00000000e3c00000|  0%| F|  |TAMS 0x00000000e3b00000| PB 0x00000000e3b00000| Untracked |  0
|  60|0x00000000e3c00000, 0x00000000e3c00000, 0x00000000e3d00000|  0%| F|  |TAMS 0x00000000e3c00000| PB 0x00000000e3c00000| Untracked |  0
|  61|0x00000000e3d00000, 0x00000000e3d00000, 0x00000000e3e00000|  0%| F|  |TAMS 0x00000000e3d00000| PB 0x00000000e3d00000| Untracked |  0
|  62|0x00000000e3e00000, 0x00000000e3e00000, 0x00000000e3f00000|  0%| F|  |TAMS 0x00000000e3e00000| PB 0x00000000e3e00000| Untracked |  0
|  63|0x00000000e3f00000, 0x00000000e3f00000, 0x00000000e4000000|  0%| F|  |TAMS 0x00000000e3f00000| PB 0x00000000e3f00000| Untracked |  0
|  64|0x00000000e4000000, 0x00000000e4000000, 0x00000000e4100000|  0%| F|  |TAMS 0x00000000e4000000| PB 0x00000000e4000000| Untracked |  0
|  65|0x00000000e4100000, 0x00000000e4100000, 0x00000000e4200000|  0%| F|  |TAMS 0x00000000e4100000| PB 0x00000000e4100000| Untracked |  0
|  66|0x00000000e4200000, 0x00000000e4200000, 0x00000000e4300000|  0%| F|  |TAMS 0x00000000e4200000| PB 0x00000000e4200000| Untracked |  0
|  67|0x00000000e4300000, 0x00000000e4300000, 0x00000000e4400000|  0%| F|  |TAMS 0x00000000e4300000| PB 0x00000000e4300000| Untracked |  0
|  68|0x00000000e4400000, 0x00000000e4400000, 0x00000000e4500000|  0%| F|  |TAMS 0x00000000e4400000| PB 0x00000000e4400000| Untracked |  0
|  69|0x00000000e4500000, 0x00000000e4500000, 0x00000000e4600000|  0%| F|  |TAMS 0x00000000e4500000| PB 0x00000000e4500000| Untracked |  0
|  70|0x00000000e4600000, 0x00000000e4600000, 0x00000000e4700000|  0%| F|  |TAMS 0x00000000e4600000| PB 0x00000000e4600000| Untracked |  0
|  71|0x00000000e4700000, 0x00000000e4700000, 0x00000000e4800000|  0%| F|  |TAMS 0x00000000e4700000| PB 0x00000000e4700000| Untracked |  0
|  72|0x00000000e4800000, 0x00000000e4800000, 0x00000000e4900000|  0%| F|  |TAMS 0x00000000e4800000| PB 0x00000000e4800000| Untracked |  0
|  73|0x00000000e4900000, 0x00000000e4900000, 0x00000000e4a00000|  0%| F|  |TAMS 0x00000000e4900000| PB 0x00000000e4900000| Untracked |  0
|  74|0x00000000e4a00000, 0x00000000e4a00000, 0x00000000e4b00000|  0%| F|  |TAMS 0x00000000e4a00000| PB 0x00000000e4a00000| Untracked |  0
|  75|0x00000000e4b00000, 0x00000000e4b00000, 0x00000000e4c00000|  0%| F|  |TAMS 0x00000000e4b00000| PB 0x00000000e4b00000| Untracked |  0
|  76|0x00000000e4c00000, 0x00000000e4c00000, 0x00000000e4d00000|  0%| F|  |TAMS 0x00000000e4c00000| PB 0x00000000e4c00000| Untracked |  0
|  77|0x00000000e4d00000, 0x00000000e4d00000, 0x00000000e4e00000|  0%| F|  |TAMS 0x00000000e4d00000| PB 0x00000000e4d00000| Untracked |  0
|  78|0x00000000e4e00000, 0x00000000e4e00000, 0x00000000e4f00000|  0%| F|  |TAMS 0x00000000e4e00000| PB 0x00000000e4e00000| Untracked |  0
|  79|0x00000000e4f00000, 0x00000000e4f00000, 0x00000000e5000000|  0%| F|  |TAMS 0x00000000e4f00000| PB 0x00000000e4f00000| Untracked |  0
|  80|0x00000000e5000000, 0x00000000e5000000, 0x00000000e5100000|  0%| F|  |TAMS 0x00000000e5000000| PB 0x00000000e5000000| Untracked |  0
|  81|0x00000000e5100000, 0x00000000e5100000, 0x00000000e5200000|  0%| F|  |TAMS 0x00000000e5100000| PB 0x00000000e5100000| Untracked |  0
|  82|0x00000000e5200000, 0x00000000e5200000, 0x00000000e5300000|  0%| F|  |TAMS 0x00000000e5200000| PB 0x00000000e5200000| Untracked |  0
|  83|0x00000000e5300000, 0x00000000e5300000, 0x00000000e5400000|  0%| F|  |TAMS 0x00000000e5300000| PB 0x00000000e5300000| Untracked |  0
|  84|0x00000000e5400000, 0x00000000e5400000, 0x00000000e5500000|  0%| F|  |TAMS 0x00000000e5400000| PB 0x00000000e5400000| Untracked |  0
|  85|0x00000000e5500000, 0x00000000e5500000, 0x00000000e5600000|  0%| F|  |TAMS 0x00000000e5500000| PB 0x00000000e5500000| Untracked |  0
|  86|0x00000000e5600000, 0x00000000e5600000, 0x00000000e5700000|  0%| F|  |TAMS 0x00000000e5600000| PB 0x00000000e5600000| Untracked |  0
|  87|0x00000000e5700000, 0x00000000e5700000, 0x00000000e5800000|  0%| F|  |TAMS 0x00000000e5700000| PB 0x00000000e5700000| Untracked |  0
|  88|0x00000000e5800000, 0x00000000e5800000, 0x00000000e5900000|  0%| F|  |TAMS 0x00000000e5800000| PB 0x00000000e5800000| Untracked |  0
|  89|0x00000000e5900000, 0x00000000e5900000, 0x00000000e5a00000|  0%| F|  |TAMS 0x00000000e5900000| PB 0x00000000e5900000| Untracked |  0
|  90|0x00000000e5a00000, 0x00000000e5a00000, 0x00000000e5b00000|  0%| F|  |TAMS 0x00000000e5a00000| PB 0x00000000e5a00000| Untracked |  0
|  91|0x00000000e5b00000, 0x00000000e5b00000, 0x00000000e5c00000|  0%| F|  |TAMS 0x00000000e5b00000| PB 0x00000000e5b00000| Untracked |  0
|  92|0x00000000e5c00000, 0x00000000e5c00000, 0x00000000e5d00000|  0%| F|  |TAMS 0x00000000e5c00000| PB 0x00000000e5c00000| Untracked |  0
|  93|0x00000000e5d00000, 0x00000000e5d00000, 0x00000000e5e00000|  0%| F|  |TAMS 0x00000000e5d00000| PB 0x00000000e5d00000| Untracked |  0
|  94|0x00000000e5e00000, 0x00000000e5e00000, 0x00000000e5f00000|  0%| F|  |TAMS 0x00000000e5e00000| PB 0x00000000e5e00000| Untracked |  0
|  95|0x00000000e5f00000, 0x00000000e5f00000, 0x00000000e6000000|  0%| F|  |TAMS 0x00000000e5f00000| PB 0x00000000e5f00000| Untracked |  0
|  96|0x00000000e6000000, 0x00000000e6000000, 0x00000000e6100000|  0%| F|  |TAMS 0x00000000e6000000| PB 0x00000000e6000000| Untracked |  0
|  97|0x00000000e6100000, 0x00000000e6100000, 0x00000000e6200000|  0%| F|  |TAMS 0x00000000e6100000| PB 0x00000000e6100000| Untracked |  0
|  98|0x00000000e6200000, 0x00000000e6200000, 0x00000000e6300000|  0%| F|  |TAMS 0x00000000e6200000| PB 0x00000000e6200000| Untracked |  0
|  99|0x00000000e6300000, 0x00000000e6300000, 0x00000000e6400000|  0%| F|  |TAMS 0x00000000e6300000| PB 0x00000000e6300000| Untracked |  0
| 100|0x00000000e6400000, 0x00000000e6400000, 0x00000000e6500000|  0%| F|  |TAMS 0x00000000e6400000| PB 0x00000000e6400000| Untracked |  0
| 101|0x00000000e6500000, 0x00000000e6500000, 0x00000000e6600000|  0%| F|  |TAMS 0x00000000e6500000| PB 0x00000000e6500000| Untracked |  0
| 102|0x00000000e6600000, 0x00000000e6600000, 0x00000000e6700000|  0%| F|  |TAMS 0x00000000e6600000| PB 0x00000000e6600000| Untracked |  0
| 103|0x00000000e6700000, 0x00000000e6700000, 0x00000000e6800000|  0%| F|  |TAMS 0x00000000e6700000| PB 0x00000000e6700000| Untracked |  0
| 104|0x00000000e6800000, 0x00000000e6800000, 0x00000000e6900000|  0%| F|  |TAMS 0x00000000e6800000| PB 0x00000000e6800000| Untracked |  0
| 105|0x00000000e6900000, 0x00000000e6900000, 0x00000000e6a00000|  0%| F|  |TAMS 0x00000000e6900000| PB 0x00000000e6900000| Untracked |  0
| 106|0x00000000e6a00000, 0x00000000e6a00000, 0x00000000e6b00000|  0%| F|  |TAMS 0x00000000e6a00000| PB 0x00000000e6a00000| Untracked |  0
| 107|0x00000000e6b00000, 0x00000000e6b00000, 0x00000000e6c00000|  0%| F|  |TAMS 0x00000000e6b00000| PB 0x00000000e6b00000| Untracked |  0
| 108|0x00000000e6c00000, 0x00000000e6c00000, 0x00000000e6d00000|  0%| F|  |TAMS 0x00000000e6c00000| PB 0x00000000e6c00000| Untracked |  0
| 109|0x00000000e6d00000, 0x00000000e6d00000, 0x00000000e6e00000|  0%| F|  |TAMS 0x00000000e6d00000| PB 0x00000000e6d00000| Untracked |  0
| 110|0x00000000e6e00000, 0x00000000e6e00000, 0x00000000e6f00000|  0%| F|  |TAMS 0x00000000e6e00000| PB 0x00000000e6e00000| Untracked |  0
| 111|0x00000000e6f00000, 0x00000000e6f00000, 0x00000000e7000000|  0%| F|  |TAMS 0x00000000e6f00000| PB 0x00000000e6f00000| Untracked |  0
| 112|0x00000000e7000000, 0x00000000e7000000, 0x00000000e7100000|  0%| F|  |TAMS 0x00000000e7000000| PB 0x00000000e7000000| Untracked |  0
| 113|0x00000000e7100000, 0x00000000e7100000, 0x00000000e7200000|  0%| F|  |TAMS 0x00000000e7100000| PB 0x00000000e7100000| Untracked |  0
| 114|0x00000000e7200000, 0x00000000e7200000, 0x00000000e7300000|  0%| F|  |TAMS 0x00000000e7200000| PB 0x00000000e7200000| Untracked |  0
| 115|0x00000000e7300000, 0x00000000e7300000, 0x00000000e7400000|  0%| F|  |TAMS 0x00000000e7300000| PB 0x00000000e7300000| Untracked |  0
| 116|0x00000000e7400000, 0x00000000e7400000, 0x00000000e7500000|  0%| F|  |TAMS 0x00000000e7400000| PB 0x00000000e7400000| Untracked |  0
| 117|0x00000000e7500000, 0x00000000e7500000, 0x00000000e7600000|  0%| F|  |TAMS 0x00000000e7500000| PB 0x00000000e7500000| Untracked |  0
| 118|0x00000000e7600000, 0x00000000e7600000, 0x00000000e7700000|  0%| F|  |TAMS 0x00000000e7600000| PB 0x00000000e7600000| Untracked |  0
| 119|0x00000000e7700000, 0x00000000e7700000, 0x00000000e7800000|  0%| F|  |TAMS 0x00000000e7700000| PB 0x00000000e7700000| Untracked |  0
| 120|0x00000000e7800000, 0x00000000e7800000, 0x00000000e7900000|  0%| F|  |TAMS 0x00000000e7800000| PB 0x00000000e7800000| Untracked |  0
| 121|0x00000000e7900000, 0x00000000e7900000, 0x00000000e7a00000|  0%| F|  |TAMS 0x00000000e7900000| PB 0x00000000e7900000| Untracked |  0
| 122|0x00000000e7a00000, 0x00000000e7a00000, 0x00000000e7b00000|  0%| F|  |TAMS 0x00000000e7a00000| PB 0x00000000e7a00000| Untracked |  0
| 123|0x00000000e7b00000, 0x00000000e7b00000, 0x00000000e7c00000|  0%| F|  |TAMS 0x00000000e7b00000| PB 0x00000000e7b00000| Untracked |  0
| 124|0x00000000e7c00000, 0x00000000e7c00000, 0x00000000e7d00000|  0%| F|  |TAMS 0x00000000e7c00000| PB 0x00000000e7c00000| Untracked |  0
| 125|0x00000000e7d00000, 0x00000000e7d00000, 0x00000000e7e00000|  0%| F|  |TAMS 0x00000000e7d00000| PB 0x00000000e7d00000| Untracked |  0
| 126|0x00000000e7e00000, 0x00000000e7e00000, 0x00000000e7f00000|  0%| F|  |TAMS 0x00000000e7e00000| PB 0x00000000e7e00000| Untracked |  0
| 127|0x00000000e7f00000, 0x00000000e7f00000, 0x00000000e8000000|  0%| F|  |TAMS 0x00000000e7f00000| PB 0x00000000e7f00000| Untracked |  0
| 128|0x00000000e8000000, 0x00000000e8000000, 0x00000000e8100000|  0%| F|  |TAMS 0x00000000e8000000| PB 0x00000000e8000000| Untracked |  0
| 129|0x00000000e8100000, 0x00000000e8100000, 0x00000000e8200000|  0%| F|  |TAMS 0x00000000e8100000| PB 0x00000000e8100000| Untracked |  0
| 130|0x00000000e8200000, 0x00000000e8200000, 0x00000000e8300000|  0%| F|  |TAMS 0x00000000e8200000| PB 0x00000000e8200000| Untracked |  0
| 131|0x00000000e8300000, 0x00000000e8300000, 0x00000000e8400000|  0%| F|  |TAMS 0x00000000e8300000| PB 0x00000000e8300000| Untracked |  0
| 132|0x00000000e8400000, 0x00000000e8400000, 0x00000000e8500000|  0%| F|  |TAMS 0x00000000e8400000| PB 0x00000000e8400000| Untracked |  0
| 133|0x00000000e8500000, 0x00000000e8500000, 0x00000000e8600000|  0%| F|  |TAMS 0x00000000e8500000| PB 0x00000000e8500000| Untracked |  0
| 134|0x00000000e8600000, 0x00000000e8600000, 0x00000000e8700000|  0%| F|  |TAMS 0x00000000e8600000| PB 0x00000000e8600000| Untracked |  0
| 135|0x00000000e8700000, 0x00000000e8700000, 0x00000000e8800000|  0%| F|  |TAMS 0x00000000e8700000| PB 0x00000000e8700000| Untracked |  0
| 136|0x00000000e8800000, 0x00000000e8800000, 0x00000000e8900000|  0%| F|  |TAMS 0x00000000e8800000| PB 0x00000000e8800000| Untracked |  0
| 137|0x00000000e8900000, 0x00000000e8900000, 0x00000000e8a00000|  0%| F|  |TAMS 0x00000000e8900000| PB 0x00000000e8900000| Untracked |  0
| 138|0x00000000e8a00000, 0x00000000e8b00000, 0x00000000e8b00000|100%| E|  |TAMS 0x00000000e8a00000| PB 0x00000000e8a00000| Complete |  0
| 139|0x00000000e8b00000, 0x00000000e8c00000, 0x00000000e8c00000|100%| E|CS|TAMS 0x00000000e8b00000| PB 0x00000000e8b00000| Complete |  0
| 140|0x00000000e8c00000, 0x00000000e8d00000, 0x00000000e8d00000|100%| E|CS|TAMS 0x00000000e8c00000| PB 0x00000000e8c00000| Complete |  0
| 141|0x00000000e8d00000, 0x00000000e8e00000, 0x00000000e8e00000|100%| E|CS|TAMS 0x00000000e8d00000| PB 0x00000000e8d00000| Complete |  0
| 142|0x00000000e8e00000, 0x00000000e8f00000, 0x00000000e8f00000|100%| E|CS|TAMS 0x00000000e8e00000| PB 0x00000000e8e00000| Complete |  0
| 143|0x00000000e8f00000, 0x00000000e9000000, 0x00000000e9000000|100%| E|CS|TAMS 0x00000000e8f00000| PB 0x00000000e8f00000| Complete |  0
| 144|0x00000000e9000000, 0x00000000e9100000, 0x00000000e9100000|100%| E|CS|TAMS 0x00000000e9000000| PB 0x00000000e9000000| Complete |  0
| 145|0x00000000e9100000, 0x00000000e9200000, 0x00000000e9200000|100%| E|CS|TAMS 0x00000000e9100000| PB 0x00000000e9100000| Complete |  0
| 146|0x00000000e9200000, 0x00000000e9300000, 0x00000000e9300000|100%| E|CS|TAMS 0x00000000e9200000| PB 0x00000000e9200000| Complete |  0
| 147|0x00000000e9300000, 0x00000000e9400000, 0x00000000e9400000|100%| E|CS|TAMS 0x00000000e9300000| PB 0x00000000e9300000| Complete |  0
| 148|0x00000000e9400000, 0x00000000e9500000, 0x00000000e9500000|100%| E|CS|TAMS 0x00000000e9400000| PB 0x00000000e9400000| Complete |  0
| 149|0x00000000e9500000, 0x00000000e9600000, 0x00000000e9600000|100%| E|CS|TAMS 0x00000000e9500000| PB 0x00000000e9500000| Complete |  0
| 150|0x00000000e9600000, 0x00000000e9700000, 0x00000000e9700000|100%| E|CS|TAMS 0x00000000e9600000| PB 0x00000000e9600000| Complete |  0
| 151|0x00000000e9700000, 0x00000000e9800000, 0x00000000e9800000|100%| E|CS|TAMS 0x00000000e9700000| PB 0x00000000e9700000| Complete |  0
| 152|0x00000000e9800000, 0x00000000e9900000, 0x00000000e9900000|100%| E|CS|TAMS 0x00000000e9800000| PB 0x00000000e9800000| Complete |  0
| 153|0x00000000e9900000, 0x00000000e9a00000, 0x00000000e9a00000|100%| E|CS|TAMS 0x00000000e9900000| PB 0x00000000e9900000| Complete |  0
| 154|0x00000000e9a00000, 0x00000000e9b00000, 0x00000000e9b00000|100%| E|CS|TAMS 0x00000000e9a00000| PB 0x00000000e9a00000| Complete |  0
| 155|0x00000000e9b00000, 0x00000000e9c00000, 0x00000000e9c00000|100%| E|CS|TAMS 0x00000000e9b00000| PB 0x00000000e9b00000| Complete |  0
| 156|0x00000000e9c00000, 0x00000000e9d00000, 0x00000000e9d00000|100%| E|CS|TAMS 0x00000000e9c00000| PB 0x00000000e9c00000| Complete |  0
| 157|0x00000000e9d00000, 0x00000000e9e00000, 0x00000000e9e00000|100%| E|CS|TAMS 0x00000000e9d00000| PB 0x00000000e9d00000| Complete |  0
| 158|0x00000000e9e00000, 0x00000000e9f00000, 0x00000000e9f00000|100%| E|CS|TAMS 0x00000000e9e00000| PB 0x00000000e9e00000| Complete |  0
| 159|0x00000000e9f00000, 0x00000000ea000000, 0x00000000ea000000|100%| E|CS|TAMS 0x00000000e9f00000| PB 0x00000000e9f00000| Complete |  0
| 160|0x00000000ea000000, 0x00000000ea100000, 0x00000000ea100000|100%| E|CS|TAMS 0x00000000ea000000| PB 0x00000000ea000000| Complete |  0
| 161|0x00000000ea100000, 0x00000000ea200000, 0x00000000ea200000|100%| E|CS|TAMS 0x00000000ea100000| PB 0x00000000ea100000| Complete |  0
| 162|0x00000000ea200000, 0x00000000ea300000, 0x00000000ea300000|100%| E|CS|TAMS 0x00000000ea200000| PB 0x00000000ea200000| Complete |  0
| 163|0x00000000ea300000, 0x00000000ea400000, 0x00000000ea400000|100%| E|CS|TAMS 0x00000000ea300000| PB 0x00000000ea300000| Complete |  0
| 164|0x00000000ea400000, 0x00000000ea500000, 0x00000000ea500000|100%| E|CS|TAMS 0x00000000ea400000| PB 0x00000000ea400000| Complete |  0
| 165|0x00000000ea500000, 0x00000000ea600000, 0x00000000ea600000|100%| E|CS|TAMS 0x00000000ea500000| PB 0x00000000ea500000| Complete |  0
| 166|0x00000000ea600000, 0x00000000ea700000, 0x00000000ea700000|100%| E|CS|TAMS 0x00000000ea600000| PB 0x00000000ea600000| Complete |  0
| 167|0x00000000ea700000, 0x00000000ea800000, 0x00000000ea800000|100%| E|CS|TAMS 0x00000000ea700000| PB 0x00000000ea700000| Complete |  0
| 168|0x00000000ea800000, 0x00000000ea900000, 0x00000000ea900000|100%| E|CS|TAMS 0x00000000ea800000| PB 0x00000000ea800000| Complete |  0
| 169|0x00000000ea900000, 0x00000000eaa00000, 0x00000000eaa00000|100%| E|CS|TAMS 0x00000000ea900000| PB 0x00000000ea900000| Complete |  0
| 170|0x00000000eaa00000, 0x00000000eab00000, 0x00000000eab00000|100%| E|CS|TAMS 0x00000000eaa00000| PB 0x00000000eaa00000| Complete |  0
| 171|0x00000000eab00000, 0x00000000eac00000, 0x00000000eac00000|100%| E|CS|TAMS 0x00000000eab00000| PB 0x00000000eab00000| Complete |  0
| 172|0x00000000eac00000, 0x00000000ead00000, 0x00000000ead00000|100%| E|CS|TAMS 0x00000000eac00000| PB 0x00000000eac00000| Complete |  0
| 173|0x00000000ead00000, 0x00000000eae00000, 0x00000000eae00000|100%| E|CS|TAMS 0x00000000ead00000| PB 0x00000000ead00000| Complete |  0
| 174|0x00000000eae00000, 0x00000000eaf00000, 0x00000000eaf00000|100%| E|CS|TAMS 0x00000000eae00000| PB 0x00000000eae00000| Complete |  0
| 175|0x00000000eaf00000, 0x00000000eb000000, 0x00000000eb000000|100%| E|CS|TAMS 0x00000000eaf00000| PB 0x00000000eaf00000| Complete |  0
| 176|0x00000000eb000000, 0x00000000eb100000, 0x00000000eb100000|100%| E|CS|TAMS 0x00000000eb000000| PB 0x00000000eb000000| Complete |  0
| 177|0x00000000eb100000, 0x00000000eb200000, 0x00000000eb200000|100%| E|CS|TAMS 0x00000000eb100000| PB 0x00000000eb100000| Complete |  0
| 178|0x00000000eb200000, 0x00000000eb300000, 0x00000000eb300000|100%| E|CS|TAMS 0x00000000eb200000| PB 0x00000000eb200000| Complete |  0
| 179|0x00000000eb300000, 0x00000000eb400000, 0x00000000eb400000|100%| E|CS|TAMS 0x00000000eb300000| PB 0x00000000eb300000| Complete |  0
| 180|0x00000000eb400000, 0x00000000eb500000, 0x00000000eb500000|100%| E|CS|TAMS 0x00000000eb400000| PB 0x00000000eb400000| Complete |  0
| 181|0x00000000eb500000, 0x00000000eb600000, 0x00000000eb600000|100%| E|CS|TAMS 0x00000000eb500000| PB 0x00000000eb500000| Complete |  0
| 182|0x00000000eb600000, 0x00000000eb700000, 0x00000000eb700000|100%| E|CS|TAMS 0x00000000eb600000| PB 0x00000000eb600000| Complete |  0
| 183|0x00000000eb700000, 0x00000000eb800000, 0x00000000eb800000|100%| E|CS|TAMS 0x00000000eb700000| PB 0x00000000eb700000| Complete |  0
| 184|0x00000000eb800000, 0x00000000eb900000, 0x00000000eb900000|100%| E|CS|TAMS 0x00000000eb800000| PB 0x00000000eb800000| Complete |  0
| 185|0x00000000eb900000, 0x00000000eba00000, 0x00000000eba00000|100%| E|CS|TAMS 0x00000000eb900000| PB 0x00000000eb900000| Complete |  0
| 186|0x00000000eba00000, 0x00000000ebb00000, 0x00000000ebb00000|100%| E|CS|TAMS 0x00000000eba00000| PB 0x00000000eba00000| Complete |  0
| 187|0x00000000ebb00000, 0x00000000ebc00000, 0x00000000ebc00000|100%| E|CS|TAMS 0x00000000ebb00000| PB 0x00000000ebb00000| Complete |  0
| 188|0x00000000ebc00000, 0x00000000ebd00000, 0x00000000ebd00000|100%| E|CS|TAMS 0x00000000ebc00000| PB 0x00000000ebc00000| Complete |  0
| 189|0x00000000ebd00000, 0x00000000ebe00000, 0x00000000ebe00000|100%| E|CS|TAMS 0x00000000ebd00000| PB 0x00000000ebd00000| Complete |  0
| 190|0x00000000ebe00000, 0x00000000ebf00000, 0x00000000ebf00000|100%| E|CS|TAMS 0x00000000ebe00000| PB 0x00000000ebe00000| Complete |  0
| 191|0x00000000ebf00000, 0x00000000ec000000, 0x00000000ec000000|100%| E|CS|TAMS 0x00000000ebf00000| PB 0x00000000ebf00000| Complete |  0
| 192|0x00000000ec000000, 0x00000000ec100000, 0x00000000ec100000|100%| E|CS|TAMS 0x00000000ec000000| PB 0x00000000ec000000| Complete |  0
| 193|0x00000000ec100000, 0x00000000ec200000, 0x00000000ec200000|100%| E|CS|TAMS 0x00000000ec100000| PB 0x00000000ec100000| Complete |  0
| 194|0x00000000ec200000, 0x00000000ec300000, 0x00000000ec300000|100%| E|CS|TAMS 0x00000000ec200000| PB 0x00000000ec200000| Complete |  0
| 195|0x00000000ec300000, 0x00000000ec400000, 0x00000000ec400000|100%| E|CS|TAMS 0x00000000ec300000| PB 0x00000000ec300000| Complete |  0
| 196|0x00000000ec400000, 0x00000000ec500000, 0x00000000ec500000|100%| E|CS|TAMS 0x00000000ec400000| PB 0x00000000ec400000| Complete |  0
| 197|0x00000000ec500000, 0x00000000ec600000, 0x00000000ec600000|100%| E|CS|TAMS 0x00000000ec500000| PB 0x00000000ec500000| Complete |  0
| 198|0x00000000ec600000, 0x00000000ec700000, 0x00000000ec700000|100%| E|CS|TAMS 0x00000000ec600000| PB 0x00000000ec600000| Complete |  0
| 199|0x00000000ec700000, 0x00000000ec800000, 0x00000000ec800000|100%| E|CS|TAMS 0x00000000ec700000| PB 0x00000000ec700000| Complete |  0
| 200|0x00000000ec800000, 0x00000000ec900000, 0x00000000ec900000|100%| E|CS|TAMS 0x00000000ec800000| PB 0x00000000ec800000| Complete |  0
| 201|0x00000000ec900000, 0x00000000eca00000, 0x00000000eca00000|100%| E|CS|TAMS 0x00000000ec900000| PB 0x00000000ec900000| Complete |  0
| 202|0x00000000eca00000, 0x00000000ecb00000, 0x00000000ecb00000|100%| E|CS|TAMS 0x00000000eca00000| PB 0x00000000eca00000| Complete |  0
| 203|0x00000000ecb00000, 0x00000000ecc00000, 0x00000000ecc00000|100%| E|CS|TAMS 0x00000000ecb00000| PB 0x00000000ecb00000| Complete |  0
| 204|0x00000000ecc00000, 0x00000000ecd00000, 0x00000000ecd00000|100%| E|CS|TAMS 0x00000000ecc00000| PB 0x00000000ecc00000| Complete |  0
| 205|0x00000000ecd00000, 0x00000000ece00000, 0x00000000ece00000|100%| E|CS|TAMS 0x00000000ecd00000| PB 0x00000000ecd00000| Complete |  0
| 206|0x00000000ece00000, 0x00000000ecf00000, 0x00000000ecf00000|100%| E|CS|TAMS 0x00000000ece00000| PB 0x00000000ece00000| Complete |  0
| 207|0x00000000ecf00000, 0x00000000ed000000, 0x00000000ed000000|100%| E|CS|TAMS 0x00000000ecf00000| PB 0x00000000ecf00000| Complete |  0
| 208|0x00000000ed000000, 0x00000000ed100000, 0x00000000ed100000|100%| E|CS|TAMS 0x00000000ed000000| PB 0x00000000ed000000| Complete |  0
| 209|0x00000000ed100000, 0x00000000ed200000, 0x00000000ed200000|100%| E|CS|TAMS 0x00000000ed100000| PB 0x00000000ed100000| Complete |  0
| 210|0x00000000ed200000, 0x00000000ed300000, 0x00000000ed300000|100%| E|CS|TAMS 0x00000000ed200000| PB 0x00000000ed200000| Complete |  0
| 211|0x00000000ed300000, 0x00000000ed400000, 0x00000000ed400000|100%| E|CS|TAMS 0x00000000ed300000| PB 0x00000000ed300000| Complete |  0
| 212|0x00000000ed400000, 0x00000000ed500000, 0x00000000ed500000|100%| E|CS|TAMS 0x00000000ed400000| PB 0x00000000ed400000| Complete |  0
| 213|0x00000000ed500000, 0x00000000ed600000, 0x00000000ed600000|100%| E|CS|TAMS 0x00000000ed500000| PB 0x00000000ed500000| Complete |  0
| 214|0x00000000ed600000, 0x00000000ed700000, 0x00000000ed700000|100%| E|CS|TAMS 0x00000000ed600000| PB 0x00000000ed600000| Complete |  0
| 215|0x00000000ed700000, 0x00000000ed800000, 0x00000000ed800000|100%| E|CS|TAMS 0x00000000ed700000| PB 0x00000000ed700000| Complete |  0
| 216|0x00000000ed800000, 0x00000000ed900000, 0x00000000ed900000|100%| E|CS|TAMS 0x00000000ed800000| PB 0x00000000ed800000| Complete |  0
| 217|0x00000000ed900000, 0x00000000eda00000, 0x00000000eda00000|100%| E|CS|TAMS 0x00000000ed900000| PB 0x00000000ed900000| Complete |  0
| 218|0x00000000eda00000, 0x00000000edb00000, 0x00000000edb00000|100%| E|CS|TAMS 0x00000000eda00000| PB 0x00000000eda00000| Complete |  0
| 219|0x00000000edb00000, 0x00000000edc00000, 0x00000000edc00000|100%| E|CS|TAMS 0x00000000edb00000| PB 0x00000000edb00000| Complete |  0
| 220|0x00000000edc00000, 0x00000000edd00000, 0x00000000edd00000|100%| E|CS|TAMS 0x00000000edc00000| PB 0x00000000edc00000| Complete |  0
| 221|0x00000000edd00000, 0x00000000ede00000, 0x00000000ede00000|100%| E|CS|TAMS 0x00000000edd00000| PB 0x00000000edd00000| Complete |  0
| 222|0x00000000ede00000, 0x00000000edf00000, 0x00000000edf00000|100%| E|CS|TAMS 0x00000000ede00000| PB 0x00000000ede00000| Complete |  0
| 223|0x00000000edf00000, 0x00000000ee000000, 0x00000000ee000000|100%| E|CS|TAMS 0x00000000edf00000| PB 0x00000000edf00000| Complete |  0
| 224|0x00000000ee000000, 0x00000000ee100000, 0x00000000ee100000|100%| E|CS|TAMS 0x00000000ee000000| PB 0x00000000ee000000| Complete |  0
| 225|0x00000000ee100000, 0x00000000ee200000, 0x00000000ee200000|100%| E|CS|TAMS 0x00000000ee100000| PB 0x00000000ee100000| Complete |  0
| 226|0x00000000ee200000, 0x00000000ee300000, 0x00000000ee300000|100%| E|CS|TAMS 0x00000000ee200000| PB 0x00000000ee200000| Complete |  0
| 227|0x00000000ee300000, 0x00000000ee400000, 0x00000000ee400000|100%| E|CS|TAMS 0x00000000ee300000| PB 0x00000000ee300000| Complete |  0
| 228|0x00000000ee400000, 0x00000000ee500000, 0x00000000ee500000|100%| E|CS|TAMS 0x00000000ee400000| PB 0x00000000ee400000| Complete |  0
| 229|0x00000000ee500000, 0x00000000ee600000, 0x00000000ee600000|100%| E|CS|TAMS 0x00000000ee500000| PB 0x00000000ee500000| Complete |  0
| 230|0x00000000ee600000, 0x00000000ee700000, 0x00000000ee700000|100%| E|CS|TAMS 0x00000000ee600000| PB 0x00000000ee600000| Complete |  0
| 231|0x00000000ee700000, 0x00000000ee800000, 0x00000000ee800000|100%| E|CS|TAMS 0x00000000ee700000| PB 0x00000000ee700000| Complete |  0
| 232|0x00000000ee800000, 0x00000000ee900000, 0x00000000ee900000|100%| E|  |TAMS 0x00000000ee800000| PB 0x00000000ee800000| Complete |  0
| 233|0x00000000ee900000, 0x00000000eea00000, 0x00000000eea00000|100%| E|CS|TAMS 0x00000000ee900000| PB 0x00000000ee900000| Complete |  0
| 234|0x00000000eea00000, 0x00000000eeb00000, 0x00000000eeb00000|100%| E|CS|TAMS 0x00000000eea00000| PB 0x00000000eea00000| Complete |  0
| 235|0x00000000eeb00000, 0x00000000eec00000, 0x00000000eec00000|100%| E|CS|TAMS 0x00000000eeb00000| PB 0x00000000eeb00000| Complete |  0
| 236|0x00000000eec00000, 0x00000000eed00000, 0x00000000eed00000|100%| E|CS|TAMS 0x00000000eec00000| PB 0x00000000eec00000| Complete |  0
| 237|0x00000000eed00000, 0x00000000eee00000, 0x00000000eee00000|100%| E|CS|TAMS 0x00000000eed00000| PB 0x00000000eed00000| Complete |  0
| 238|0x00000000eee00000, 0x00000000eef00000, 0x00000000eef00000|100%| E|CS|TAMS 0x00000000eee00000| PB 0x00000000eee00000| Complete |  0
| 239|0x00000000eef00000, 0x00000000ef000000, 0x00000000ef000000|100%| E|CS|TAMS 0x00000000eef00000| PB 0x00000000eef00000| Complete |  0
| 240|0x00000000ef000000, 0x00000000ef097340, 0x00000000ef100000| 59%| S|CS|TAMS 0x00000000ef000000| PB 0x00000000ef000000| Complete |  0
| 241|0x00000000ef100000, 0x00000000ef200000, 0x00000000ef200000|100%| S|CS|TAMS 0x00000000ef100000| PB 0x00000000ef100000| Complete |  0
| 242|0x00000000ef200000, 0x00000000ef300000, 0x00000000ef300000|100%| S|CS|TAMS 0x00000000ef200000| PB 0x00000000ef200000| Complete |  0
| 243|0x00000000ef300000, 0x00000000ef400000, 0x00000000ef400000|100%| S|CS|TAMS 0x00000000ef300000| PB 0x00000000ef300000| Complete |  0
| 244|0x00000000ef400000, 0x00000000ef500000, 0x00000000ef500000|100%| S|CS|TAMS 0x00000000ef400000| PB 0x00000000ef400000| Complete |  0
| 245|0x00000000ef500000, 0x00000000ef600000, 0x00000000ef600000|100%| S|CS|TAMS 0x00000000ef500000| PB 0x00000000ef500000| Complete |  0
| 246|0x00000000ef600000, 0x00000000ef700000, 0x00000000ef700000|100%| S|CS|TAMS 0x00000000ef600000| PB 0x00000000ef600000| Complete |  0
| 247|0x00000000ef700000, 0x00000000ef800000, 0x00000000ef800000|100%| S|CS|TAMS 0x00000000ef700000| PB 0x00000000ef700000| Complete |  0
| 248|0x00000000ef800000, 0x00000000ef900000, 0x00000000ef900000|100%| S|CS|TAMS 0x00000000ef800000| PB 0x00000000ef800000| Complete |  0
| 249|0x00000000ef900000, 0x00000000efa00000, 0x00000000efa00000|100%| S|CS|TAMS 0x00000000ef900000| PB 0x00000000ef900000| Complete |  0
| 250|0x00000000efa00000, 0x00000000efb00000, 0x00000000efb00000|100%| S|CS|TAMS 0x00000000efa00000| PB 0x00000000efa00000| Complete |  0
| 251|0x00000000efb00000, 0x00000000efc00000, 0x00000000efc00000|100%| E|CS|TAMS 0x00000000efb00000| PB 0x00000000efb00000| Complete |  0
| 252|0x00000000efc00000, 0x00000000efd00000, 0x00000000efd00000|100%| E|CS|TAMS 0x00000000efc00000| PB 0x00000000efc00000| Complete |  0
| 255|0x00000000eff00000, 0x00000000f0000000, 0x00000000f0000000|100%| E|CS|TAMS 0x00000000eff00000| PB 0x00000000eff00000| Complete |  0
| 510|0x00000000ffe00000, 0x00000000fff00000, 0x00000000fff00000|100%| O|  |TAMS 0x00000000ffe00000| PB 0x00000000ffe00000| Untracked |  0
| 511|0x00000000fff00000, 0x0000000100000000, 0x0000000100000000|100%| E|CS|TAMS 0x00000000fff00000| PB 0x00000000fff00000| Complete |  0

Card table byte_map: [0x00000161fc080000,0x00000161fc180000] _byte_map_base: 0x00000161fb980000

Marking Bits: (CMBitMap*) 0x00000161fb0258a0
 Bits: [0x00000161fc180000, 0x00000161fc980000)

Polling page: 0x00000161f8aa0000

Metaspace:
Metaspace        used 44452K, committed 46016K, reserved 393216K
 class space     used 6764K, committed 7552K, reserved 327680K

Usage:
  Non-class:     36.80 MB used.
      Class:      6.61 MB used.
       Both:     43.41 MB used.

Virtual space:
  Non-class space:       64.00 MB reserved,      37.56 MB ( 59%) committed,  1 nodes.
      Class space:      320.00 MB reserved,       7.38 MB (  2%) committed,  1 nodes.
             Both:      384.00 MB reserved,      44.94 MB ( 12%) committed. 

Chunk freelists:
   Non-Class:  10.33 MB
       Class:  8.67 MB
        Both:  19.00 MB

MaxMetaspaceSize: 384.00 MB
CompressedClassSpaceSize: 320.00 MB
Initial GC threshold: 21.00 MB
Current GC threshold: 59.19 MB
CDS: on
 - commit_granule_bytes: 65536.
 - commit_granule_words: 8192.
 - virtual_space_node_default_size: 8388608.
 - enlarge_chunks_in_place: 1.
UseCompressedClassPointers 1, UseCompactObjectHeaders 0
Narrow klass pointer bits 32, Max shift 3
Narrow klass base: 0x000000006a000000, Narrow klass shift: 0
Encoding Range: [0x000000006a000000 - 0x000000016a000000), (4294967296 bytes)
Klass Range:    [0x000000006a010000 - 0x000000007f000000), (352256000 bytes)
Klass ID Range:  [65536 - 352321529) (352255993)
Protection zone: [0x000000006a000000 - 0x000000006a010000), (65536 bytes)


Internal statistics:

num_allocs_failed_limit: 9.
num_arena_births: 2622.
num_arena_deaths: 0.
num_vsnodes_births: 2.
num_vsnodes_deaths: 0.
num_space_committed: 719.
num_space_uncommitted: 0.
num_chunks_returned_to_freelist: 9.
num_chunks_taken_from_freelist: 4612.
num_chunk_merges: 9.
num_chunk_splits: 3045.
num_chunks_enlarged: 1920.
num_inconsistent_stats: 0.

CodeHeap 'non-profiled nmethods': size=119232Kb used=2656Kb max_used=2656Kb free=116576Kb
 bounds [0x00000161905c0000, 0x0000016190860000, 0x0000016197a30000]
CodeHeap 'profiled nmethods': size=119104Kb used=8728Kb max_used=8728Kb free=110375Kb
 bounds [0x0000016188a30000, 0x00000161892c0000, 0x000001618fe80000]
CodeHeap 'non-nmethods': size=7424Kb used=3617Kb max_used=3731Kb free=3806Kb
 bounds [0x000001618fe80000, 0x0000016190270000, 0x00000161905c0000]
CodeCache: size=245760Kb, used=15001Kb, max_used=15115Kb, free=230757Kb
 total_blobs=6511, nmethods=5730, adapters=680, full_count=0
Compilation: enabled, stopped_count=0, restarted_count=0

Compilation events (20 events):
Event: 6.061 Thread 0x000001619f799ac0 nmethod 6244 0x0000016189298988 code [0x0000016189298a80, 0x0000016189298f80]
Event: 6.061 Thread 0x000001619f799ac0 6245       1       groovyjarjarantlr4.v4.runtime.atn.RuleStopState::getNonStopStateNumber (2 bytes)
Event: 6.062 Thread 0x000001619f799ac0 nmethod 6245 0x000001619083e208 code [0x000001619083e300, 0x000001619083e3c8]
Event: 6.063 Thread 0x000001619f797a80 6246       3       groovyjarjarantlr4.v4.runtime.atn.ParserATNSimulator::addDFAEdge (220 bytes)
Event: 6.063 Thread 0x00000161ffd59d30 6247       3       groovyjarjarantlr4.v4.runtime.atn.ParserATNSimulator::addDFAEdge (11 bytes)
Event: 6.063 Thread 0x000001619f79b2f0 6248       4       groovyjarjarantlr4.v4.runtime.atn.ATNConfig::hashCode (97 bytes)
Event: 6.063 Thread 0x00000161ffd59d30 nmethod 6247 0x0000016189299008 code [0x0000016189299100, 0x00000161892993c8]
Event: 6.064 Thread 0x000001619f797a80 nmethod 6246 0x0000016189299408 code [0x0000016189299500, 0x000001618929a468]
Event: 6.066 Thread 0x000001619f79b2f0 nmethod 6248 0x000001619083e508 code [0x000001619083e600, 0x000001619083e930]
Event: 6.067 Thread 0x000001619d60cac0 6249       3       groovyjarjarantlr4.v4.runtime.atn.ParserATNSimulator::getStartState (251 bytes)
Event: 6.068 Thread 0x000001619d60cac0 nmethod 6249 0x000001618929a488 code [0x000001618929a580, 0x000001618929c828]
Event: 6.069 Thread 0x000001619d60cac0 6250       1       groovyjarjarantlr4.v4.runtime.misc.IntegerList::size (5 bytes)
Event: 6.070 Thread 0x000001619d60cac0 nmethod 6250 0x000001619083e988 code [0x000001619083ea80, 0x000001619083eb48]
Event: 6.070 Thread 0x000001619f79aae0 6251       4       groovyjarjarantlr4.v4.runtime.atn.ATNConfig::create (69 bytes)
Event: 6.070 Thread 0x00000161ffd59d30 6252       3       java.util.TimSort::ensureCapacity (77 bytes)
Event: 6.071 Thread 0x00000161ffd59d30 nmethod 6252 0x000001618929c888 code [0x000001618929c980, 0x000001618929cf18]
Event: 6.071 Thread 0x000001619f79b2f0 6253       4       groovyjarjarantlr4.v4.runtime.atn.ATNConfig::create (9 bytes)
Event: 6.072 Thread 0x000001619f79b2f0 nmethod 6253 0x000001619083ec88 code [0x000001619083ed80, 0x000001619083ef20]
Event: 6.072 Thread 0x000001619f79b2f0 6254       4       groovyjarjarantlr4.v4.runtime.atn.PredictionContextCache::getAsCached (43 bytes)
Event: 6.072 Thread 0x000001619f79aae0 nmethod 6251 0x000001619083ef88 code [0x000001619083f080, 0x000001619083f288]

GC Heap Usage History (12 events):
Event: 0.408 {heap Before GC invocations=0 (full 0):
 garbage-first heap   total reserved 524288K, committed 264192K, used 52371K [0x00000000e0000000, 0x0000000100000000)
  region size 1024K, 47 young (48128K), 0 survivors (0K)
}
Event: 0.410 {heap After GC invocations=1 (full 0):
 garbage-first heap   total reserved 524288K, committed 264192K, used 12555K [0x00000000e0000000, 0x0000000100000000)
  region size 1024K, 6 young (6144K), 6 survivors (6144K)
}
Event: 1.129 {heap Before GC invocations=1 (full 0):
 garbage-first heap   total reserved 524288K, committed 264192K, used 122123K [0x00000000e0000000, 0x0000000100000000)
  region size 1024K, 112 young (114688K), 6 survivors (6144K)
}
Event: 1.132 {heap After GC invocations=2 (full 0):
 garbage-first heap   total reserved 524288K, committed 264192K, used 22035K [0x00000000e0000000, 0x0000000100000000)
  region size 1024K, 14 young (14336K), 14 survivors (14336K)
}
Event: 1.455 {heap Before GC invocations=2 (full 0):
 garbage-first heap   total reserved 524288K, committed 264192K, used 67091K [0x00000000e0000000, 0x0000000100000000)
  region size 1024K, 58 young (59392K), 14 survivors (14336K)
}
Event: 1.457 {heap After GC invocations=3 (full 0):
 garbage-first heap   total reserved 524288K, committed 264192K, used 24726K [0x00000000e0000000, 0x0000000100000000)
  region size 1024K, 12 young (12288K), 12 survivors (12288K)
}
Event: 4.189 {heap Before GC invocations=4 (full 0):
 garbage-first heap   total reserved 524288K, committed 262144K, used 185494K [0x00000000e0000000, 0x0000000100000000)
  region size 1024K, 153 young (156672K), 12 survivors (12288K)
}
Event: 4.193 {heap After GC invocations=5 (full 0):
 garbage-first heap   total reserved 524288K, committed 262144K, used 49984K [0x00000000e0000000, 0x0000000100000000)
  region size 1024K, 12 young (12288K), 12 survivors (12288K)
}
Event: 4.323 {heap Before GC invocations=5 (full 0):
 garbage-first heap   total reserved 524288K, committed 262144K, used 70464K [0x00000000e0000000, 0x0000000100000000)
  region size 1024K, 33 young (33792K), 12 survivors (12288K)
}
Event: 4.325 {heap After GC invocations=6 (full 0):
 garbage-first heap   total reserved 524288K, committed 262144K, used 51698K [0x00000000e0000000, 0x0000000100000000)
  region size 1024K, 11 young (11264K), 11 survivors (11264K)
}
Event: 4.350 {heap Before GC invocations=6 (full 0):
 garbage-first heap   total reserved 524288K, committed 262144K, used 54770K [0x00000000e0000000, 0x0000000100000000)
  region size 1024K, 15 young (15360K), 11 survivors (11264K)
}
Event: 4.352 {heap After GC invocations=7 (full 0):
 garbage-first heap   total reserved 524288K, committed 262144K, used 51494K [0x00000000e0000000, 0x0000000100000000)
  region size 1024K, 11 young (11264K), 11 survivors (11264K)
}

Metaspace Usage History (12 events):
Event: 0.408 {metaspace Before GC invocations=0 (full 0):
 Metaspace       used 4589K, committed 4800K, reserved 393216K
  class space    used 586K, committed 704K, reserved 327680K
}
Event: 0.410 {metaspace After GC invocations=1 (full 0):
 Metaspace       used 4589K, committed 4800K, reserved 393216K
  class space    used 586K, committed 704K, reserved 327680K
}
Event: 1.129 {metaspace Before GC invocations=1 (full 0):
 Metaspace       used 14234K, committed 14592K, reserved 393216K
  class space    used 2001K, committed 2176K, reserved 327680K
}
Event: 1.132 {metaspace After GC invocations=2 (full 0):
 Metaspace       used 14234K, committed 14592K, reserved 393216K
  class space    used 2001K, committed 2176K, reserved 327680K
}
Event: 1.455 {metaspace Before GC invocations=2 (full 0):
 Metaspace       used 20908K, committed 21504K, reserved 393216K
  class space    used 2965K, committed 3264K, reserved 327680K
}
Event: 1.457 {metaspace After GC invocations=3 (full 0):
 Metaspace       used 20908K, committed 21504K, reserved 393216K
  class space    used 2965K, committed 3264K, reserved 327680K
}
Event: 4.189 {metaspace Before GC invocations=4 (full 0):
 Metaspace       used 32968K, committed 34176K, reserved 393216K
  class space    used 5012K, committed 5568K, reserved 327680K
}
Event: 4.193 {metaspace After GC invocations=5 (full 0):
 Metaspace       used 32968K, committed 34176K, reserved 393216K
  class space    used 5012K, committed 5568K, reserved 327680K
}
Event: 4.323 {metaspace Before GC invocations=5 (full 0):
 Metaspace       used 34620K, committed 35968K, reserved 393216K
  class space    used 5319K, committed 5952K, reserved 327680K
}
Event: 4.325 {metaspace After GC invocations=6 (full 0):
 Metaspace       used 34620K, committed 35968K, reserved 393216K
  class space    used 5319K, committed 5952K, reserved 327680K
}
Event: 4.350 {metaspace Before GC invocations=6 (full 0):
 Metaspace       used 34937K, committed 36288K, reserved 393216K
  class space    used 5385K, committed 6016K, reserved 327680K
}
Event: 4.352 {metaspace After GC invocations=7 (full 0):
 Metaspace       used 34937K, committed 36288K, reserved 393216K
  class space    used 5385K, committed 6016K, reserved 327680K
}

Dll operation events (14 events):
Event: 0.011 Loaded shared library C:\Program Files\Eclipse Adoptium\jdk-25.0.2.10-hotspot\bin\java.dll
Event: 0.041 Loaded shared library C:\Program Files\Eclipse Adoptium\jdk-25.0.2.10-hotspot\bin\zip.dll
Event: 0.042 Loaded shared library C:\Program Files\Eclipse Adoptium\jdk-25.0.2.10-hotspot\bin\instrument.dll
Event: 0.044 Loaded shared library C:\Program Files\Eclipse Adoptium\jdk-25.0.2.10-hotspot\bin\net.dll
Event: 0.046 Loaded shared library C:\Program Files\Eclipse Adoptium\jdk-25.0.2.10-hotspot\bin\nio.dll
Event: 0.047 Loaded shared library C:\Program Files\Eclipse Adoptium\jdk-25.0.2.10-hotspot\bin\zip.dll
Event: 0.163 Loaded shared library C:\Program Files\Eclipse Adoptium\jdk-25.0.2.10-hotspot\bin\jimage.dll
Event: 0.248 Loaded shared library C:\Program Files\Eclipse Adoptium\jdk-25.0.2.10-hotspot\bin\verify.dll
Event: 0.258 Loaded shared library C:\Users\usuario\.gradle\native\660c5614fbf4a5f2a75b1949f50a0caf5cd603558e7d8a26e50b933a0cfb79d1\windows-amd64\native-platform.dll
Event: 0.266 Loaded shared library C:\Users\usuario\.gradle\native\0.2.8\x86_64-windows-gnu\gradle-fileevents.dll
Event: 0.712 Loaded shared library C:\Program Files\Eclipse Adoptium\jdk-25.0.2.10-hotspot\bin\management.dll
Event: 0.713 Loaded shared library C:\Program Files\Eclipse Adoptium\jdk-25.0.2.10-hotspot\bin\management_ext.dll
Event: 0.801 Loaded shared library C:\Program Files\Eclipse Adoptium\jdk-25.0.2.10-hotspot\bin\extnet.dll
Event: 0.902 Loaded shared library C:\Program Files\Eclipse Adoptium\jdk-25.0.2.10-hotspot\bin\sunmscapi.dll

Deoptimization events (20 events):
Event: 6.040 Thread 0x000001619dae54a0 Uncommon trap: trap_request=0xffffffbe fr.pc=0x0000016190837eac relative=0x0000000000002f2c
Event: 6.040 Thread 0x000001619dae54a0 Uncommon trap: reason=profile_predicate action=maybe_recompile pc=0x0000016190837eac method=groovyjarjarantlr4.v4.runtime.atn.PredictionContext.getCachedContext(Lgroovyjarjarantlr4/v4/runtime/atn/PredictionContext;Ljava/util/concurrent/ConcurrentMap;Lgroo
Event: 6.040 Thread 0x000001619dae54a0 DEOPT PACKING pc=0x0000016190837eac sp=0x000000066a1f4560
Event: 6.040 Thread 0x000001619dae54a0 DEOPT UNPACKING pc=0x000001618ff9f902 sp=0x000000066a1f4550 mode 2
Event: 6.040 Thread 0x000001619dae54a0 Uncommon trap: trap_request=0xffffffbe fr.pc=0x0000016190837eac relative=0x0000000000002f2c
Event: 6.040 Thread 0x000001619dae54a0 Uncommon trap: reason=profile_predicate action=maybe_recompile pc=0x0000016190837eac method=groovyjarjarantlr4.v4.runtime.atn.PredictionContext.getCachedContext(Lgroovyjarjarantlr4/v4/runtime/atn/PredictionContext;Ljava/util/concurrent/ConcurrentMap;Lgroo
Event: 6.040 Thread 0x000001619dae54a0 DEOPT PACKING pc=0x0000016190837eac sp=0x000000066a1f4610
Event: 6.040 Thread 0x000001619dae54a0 DEOPT UNPACKING pc=0x000001618ff9f902 sp=0x000000066a1f4600 mode 2
Event: 6.049 Thread 0x000001619dae54a0 Uncommon trap: trap_request=0xffffff45 fr.pc=0x0000016190812f7c relative=0x00000000000003fc
Event: 6.049 Thread 0x000001619dae54a0 Uncommon trap: reason=unstable_if action=reinterpret pc=0x0000016190812f7c method=groovyjarjarantlr4.v4.runtime.atn.ATNConfig.transform(Lgroovyjarjarantlr4/v4/runtime/atn/ATNState;Lgroovyjarjarantlr4/v4/runtime/atn/PredictionContext;Lgroovyjarjarantlr4/v4
Event: 6.049 Thread 0x000001619dae54a0 DEOPT PACKING pc=0x0000016190812f7c sp=0x000000066a1f5760
Event: 6.050 Thread 0x000001619dae54a0 DEOPT UNPACKING pc=0x000001618ff9f902 sp=0x000000066a1f5678 mode 2
Event: 6.050 Thread 0x000001619dae54a0 Uncommon trap: trap_request=0xffffff45 fr.pc=0x00000161908125ec relative=0x000000000000036c
Event: 6.050 Thread 0x000001619dae54a0 Uncommon trap: reason=unstable_if action=reinterpret pc=0x00000161908125ec method=groovyjarjarantlr4.v4.runtime.atn.ATNConfig.transform(Lgroovyjarjarantlr4/v4/runtime/atn/ATNState;Lgroovyjarjarantlr4/v4/runtime/atn/PredictionContext;Lgroovyjarjarantlr4/v4
Event: 6.050 Thread 0x000001619dae54a0 DEOPT PACKING pc=0x00000161908125ec sp=0x000000066a1f55d0
Event: 6.050 Thread 0x000001619dae54a0 DEOPT UNPACKING pc=0x000001618ff9f902 sp=0x000000066a1f5588 mode 2
Event: 6.050 Thread 0x000001619dae54a0 Uncommon trap: trap_request=0xffffff45 fr.pc=0x0000016190818f60 relative=0x00000000000002e0
Event: 6.050 Thread 0x000001619dae54a0 Uncommon trap: reason=unstable_if action=reinterpret pc=0x0000016190818f60 method=groovyjarjarantlr4.v4.runtime.atn.ATNConfig.hashCode()I @ 67 c2
Event: 6.050 Thread 0x000001619dae54a0 DEOPT PACKING pc=0x0000016190818f60 sp=0x000000066a1f5510
Event: 6.050 Thread 0x000001619dae54a0 DEOPT UNPACKING pc=0x000001618ff9f902 sp=0x000000066a1f5498 mode 2

Classes loaded (20 events):
Event: 5.991 Loading class java/util/stream/SortedOps$OfInt
Event: 5.991 Loading class java/util/stream/IntPipeline$StatefulOp
Event: 5.991 Loading class java/util/stream/IntPipeline$StatefulOp done
Event: 5.991 Loading class java/util/stream/SortedOps$OfInt done
Event: 5.992 Loading class java/util/stream/Nodes$IntFixedNodeBuilder
Event: 5.992 Loading class java/util/stream/Node$Builder$OfInt
Event: 5.992 Loading class java/util/stream/Sink$OfInt
Event: 5.992 Loading class java/util/stream/Sink$OfInt done
Event: 5.992 Loading class java/util/stream/Node$Builder$OfInt done
Event: 5.992 Loading class java/util/stream/Nodes$IntArrayNode
Event: 5.992 Loading class java/util/stream/Nodes$IntArrayNode done
Event: 5.992 Loading class java/util/stream/Nodes$IntFixedNodeBuilder done
Event: 5.992 Loading class java/util/stream/SortedOps$SizedIntSortingSink
Event: 5.993 Loading class java/util/stream/SortedOps$AbstractIntSortingSink
Event: 5.993 Loading class java/util/stream/Sink$ChainedInt
Event: 5.993 Loading class java/util/stream/Sink$ChainedInt done
Event: 5.993 Loading class java/util/stream/SortedOps$AbstractIntSortingSink done
Event: 5.993 Loading class java/util/stream/SortedOps$SizedIntSortingSink done
Event: 5.993 Loading class java/util/stream/ReferencePipeline$4$1
Event: 5.993 Loading class java/util/stream/ReferencePipeline$4$1 done

Classes unloaded (0 events):
No events

Classes redefined (0 events):
No events

Internal exceptions (20 events):
Event: 4.722 Thread 0x000001619dae54a0 Exception <a 'java/lang/NoSuchMethodError'{0x00000000ed4a4678}: 'void java.lang.invoke.Invokers$Holder.invoke_MT(java.lang.Object, java.lang.Object, java.lang.Object, java.lang.Object)'> (0x00000000ed4a4678) 
thrown [s\src\hotspot\share\interpreter\linkResolver.cpp, line 804]
Event: 4.735 Thread 0x000001619dae54a0 Exception <a 'java/lang/ClassNotFoundException'{0x00000000ed3e3d78}: org/gradle/invocation/DefaultGradle_DecoratedBeanInfo> (0x00000000ed3e3d78) 
thrown [s\src\hotspot\share\classfile\systemDictionary.cpp, line 327]
Event: 4.736 Thread 0x000001619dae54a0 Exception <a 'java/lang/ClassNotFoundException'{0x00000000ed3f37a0}: org/gradle/invocation/DefaultGradleBeanInfo> (0x00000000ed3f37a0) 
thrown [s\src\hotspot\share\classfile\systemDictionary.cpp, line 327]
Event: 4.736 Thread 0x000001619dae54a0 Exception <a 'java/lang/ClassNotFoundException'{0x00000000ed203588}: org/gradle/api/internal/project/AbstractPluginAwareBeanInfo> (0x00000000ed203588) 
thrown [s\src\hotspot\share\classfile\systemDictionary.cpp, line 327]
Event: 4.736 Thread 0x000001619dae54a0 Exception <a 'java/lang/ClassNotFoundException'{0x00000000ed213160}: org/gradle/api/internal/project/AbstractPluginAwareCustomizer> (0x00000000ed213160) 
thrown [s\src\hotspot\share\classfile\systemDictionary.cpp, line 327]
Event: 4.737 Thread 0x000001619dae54a0 Exception <a 'java/lang/ClassNotFoundException'{0x00000000ed228c58}: org/gradle/invocation/DefaultGradleCustomizer> (0x00000000ed228c58) 
thrown [s\src\hotspot\share\classfile\systemDictionary.cpp, line 327]
Event: 4.739 Thread 0x000001619dae54a0 Exception <a 'java/lang/ClassNotFoundException'{0x00000000ed26b648}: org/gradle/invocation/DefaultGradle_DecoratedCustomizer> (0x00000000ed26b648) 
thrown [s\src\hotspot\share\classfile\systemDictionary.cpp, line 327]
Event: 4.754 Thread 0x000001619dae54a0 Exception <a 'java/lang/ClassNotFoundException'{0x00000000ed081348}: java/lang/BooleanBeanInfo> (0x00000000ed081348) 
thrown [s\src\hotspot\share\classfile\systemDictionary.cpp, line 327]
Event: 4.754 Thread 0x000001619dae54a0 Exception <a 'java/lang/ClassNotFoundException'{0x00000000ed086d28}: java/lang/BooleanCustomizer> (0x00000000ed086d28) 
thrown [s\src\hotspot\share\classfile\systemDictionary.cpp, line 327]
Event: 4.759 Thread 0x000001619dae54a0 Exception <a 'java/lang/ClassNotFoundException'{0x00000000ecf2fa50}: groovy/lang/Closure$1BeanInfo> (0x00000000ecf2fa50) 
thrown [s\src\hotspot\share\classfile\systemDictionary.cpp, line 327]
Event: 4.760 Thread 0x000001619dae54a0 Exception <a 'java/lang/ClassNotFoundException'{0x00000000ecf3f3d0}: groovy/lang/ClosureBeanInfo> (0x00000000ecf3f3d0) 
thrown [s\src\hotspot\share\classfile\systemDictionary.cpp, line 327]
Event: 4.760 Thread 0x000001619dae54a0 Exception <a 'java/lang/ClassNotFoundException'{0x00000000ecf4ed58}: groovy/lang/ClosureCustomizer> (0x00000000ecf4ed58) 
thrown [s\src\hotspot\share\classfile\systemDictionary.cpp, line 327]
Event: 4.762 Thread 0x000001619dae54a0 Exception <a 'java/lang/ClassNotFoundException'{0x00000000ecf828d0}: groovy/lang/Closure$1Customizer> (0x00000000ecf828d0) 
thrown [s\src\hotspot\share\classfile\systemDictionary.cpp, line 327]
Event: 4.789 Thread 0x000001619dae54a0 Exception <a 'java/lang/IncompatibleClassChangeError'{0x00000000ecee0528}: Found class java.lang.Object, but interface was expected> (0x00000000ecee0528) 
thrown [s\src\hotspot\share\interpreter\linkResolver.cpp, line 871]
Event: 4.794 Thread 0x000001619dae54a0 Exception <a 'java/lang/NoSuchMethodError'{0x00000000ecd56128}: 'void java.lang.invoke.DirectMethodHandle$Holder.invokeStatic(java.lang.Object, java.lang.Object, java.lang.Object, java.lang.Object, java.lang.Object, java.lang.Object)'> (0x00000000ecd56128) 
thrown [s\src\hotspot\share\interpreter\linkResolver.cpp, line 804]
Event: 4.805 Thread 0x000001619dae54a0 Exception <a 'java/lang/NoSuchMethodError'{0x00000000ecc44f98}: 'void java.lang.invoke.DirectMethodHandle$Holder.invokeVirtual(java.lang.Object, java.lang.Object)'> (0x00000000ecc44f98) 
thrown [s\src\hotspot\share\interpreter\linkResolver.cpp, line 804]
Event: 4.808 Thread 0x000001619dae54a0 Exception <a 'java/io/IOException'{0x00000000ecc7cdb8}> (0x00000000ecc7cdb8) 
thrown [s\src\hotspot\share\prims\jni.cpp, line 516]
Event: 5.581 Thread 0x000001619dae54a0 Exception <a 'java/lang/NoSuchMethodError'{0x00000000eb03a570}: 'void java.lang.invoke.Invokers$Holder.invokeExact_MT(java.lang.Object, java.lang.Object, java.lang.Object, java.lang.Object)'> (0x00000000eb03a570) 
thrown [s\src\hotspot\share\interpreter\linkResolver.cpp, line 804]
Event: 5.754 Thread 0x000001619dae54a0 Exception <a 'java/lang/NoSuchMethodError'{0x00000000ea914d78}: 'void java.lang.invoke.DirectMethodHandle$Holder.invokeStatic(java.lang.Object, java.lang.Object, int, int)'> (0x00000000ea914d78) 
thrown [s\src\hotspot\share\interpreter\linkResolver.cpp, line 804]
Event: 5.854 Thread 0x000001619dae54a0 Exception <a 'java/lang/NoSuchMethodError'{0x00000000ea20adc8}: 'int java.lang.invoke.DirectMethodHandle$Holder.invokeSpecialIFC(java.lang.Object, java.lang.Object, java.lang.Object, java.lang.Object, java.lang.Object)'> (0x00000000ea20adc8) 
thrown [s\src\hotspot\share\interpreter\linkResolver.cpp, line 804]

VM Operations (20 events):
Event: 4.698 Executing non-safepoint VM operation: HandshakeAllThreads (Deoptimize)
Event: 4.698 Executing non-safepoint VM operation: HandshakeAllThreads (Deoptimize) done
Event: 4.717 Executing non-safepoint VM operation: HandshakeAllThreads (Deoptimize)
Event: 4.717 Executing non-safepoint VM operation: HandshakeAllThreads (Deoptimize) done
Event: 4.895 Executing non-safepoint VM operation: HandshakeAllThreads (Deoptimize)
Event: 4.895 Executing non-safepoint VM operation: HandshakeAllThreads (Deoptimize) done
Event: 4.911 Executing non-safepoint VM operation: HandshakeAllThreads (Deoptimize)
Event: 4.911 Executing non-safepoint VM operation: HandshakeAllThreads (Deoptimize) done
Event: 4.914 Executing non-safepoint VM operation: HandshakeAllThreads (Deoptimize)
Event: 4.914 Executing non-safepoint VM operation: HandshakeAllThreads (Deoptimize) done
Event: 4.945 Executing non-safepoint VM operation: HandshakeAllThreads (Deoptimize)
Event: 4.945 Executing non-safepoint VM operation: HandshakeAllThreads (Deoptimize) done
Event: 5.294 Executing non-safepoint VM operation: HandshakeAllThreads (Deoptimize)
Event: 5.295 Executing non-safepoint VM operation: HandshakeAllThreads (Deoptimize) done
Event: 5.874 Executing non-safepoint VM operation: HandshakeAllThreads (Deoptimize)
Event: 5.874 Executing non-safepoint VM operation: HandshakeAllThreads (Deoptimize) done
Event: 5.896 Executing non-safepoint VM operation: HandshakeAllThreads (Deoptimize)
Event: 5.896 Executing non-safepoint VM operation: HandshakeAllThreads (Deoptimize) done
Event: 5.918 Executing non-safepoint VM operation: HandshakeAllThreads (Deoptimize)
Event: 5.918 Executing non-safepoint VM operation: HandshakeAllThreads (Deoptimize) done

Memory protections (0 events):
No events

Nmethod flushes (20 events):
Event: 4.358 Thread 0x00000161ffd20f60 flushing  nmethod 0x0000016188a9aa08
Event: 4.358 Thread 0x00000161ffd20f60 flushing  nmethod 0x0000016188a9e488
Event: 4.358 Thread 0x00000161ffd20f60 flushing  nmethod 0x0000016188a9e888
Event: 4.358 Thread 0x00000161ffd20f60 flushing  nmethod 0x0000016188a9ed08
Event: 4.358 Thread 0x00000161ffd20f60 flushing  nmethod 0x0000016188a9f008
Event: 4.358 Thread 0x00000161ffd20f60 flushing  nmethod 0x0000016188a9f308
Event: 4.358 Thread 0x00000161ffd20f60 flushing  nmethod 0x0000016188b6e708
Event: 4.358 Thread 0x00000161ffd20f60 flushing  nmethod 0x0000016188b71288
Event: 4.358 Thread 0x00000161ffd20f60 flushing  nmethod 0x0000016188b71888
Event: 4.358 Thread 0x00000161ffd20f60 flushing  nmethod 0x0000016188b71b88
Event: 4.358 Thread 0x00000161ffd20f60 flushing  nmethod 0x0000016188b72988
Event: 4.358 Thread 0x00000161ffd20f60 flushing  nmethod 0x0000016188b72d88
Event: 4.358 Thread 0x00000161ffd20f60 flushing  nmethod 0x0000016188b73088
Event: 4.358 Thread 0x00000161ffd20f60 flushing  nmethod 0x0000016188bf0b08
Event: 4.358 Thread 0x00000161ffd20f60 flushing  nmethod 0x0000016188cc8008
Event: 4.358 Thread 0x00000161ffd20f60 flushing  nmethod 0x0000016188e22f88
Event: 4.358 Thread 0x00000161ffd20f60 flushing  nmethod 0x0000016188e23488
Event: 4.358 Thread 0x00000161ffd20f60 flushing  nmethod 0x0000016188e23f88
Event: 4.358 Thread 0x00000161ffd20f60 flushing  nmethod 0x0000016188e24808
Event: 4.358 Thread 0x00000161ffd20f60 flushing  nmethod 0x0000016188e2c208

Events (20 events):
Event: 3.868 Thread 0x00000161ffd59d30 Thread added: 0x00000161ffd58d10
Event: 4.032 Thread 0x000001619dae54a0 Thread added: 0x00000161a0ce5450
Event: 4.078 Thread 0x000001619dae54a0 Thread added: 0x00000161a0ce2570
Event: 4.249 Thread 0x000001619dae54a0 Thread added: 0x00000161a0ce2d40
Event: 4.288 Thread 0x000001619dae54a0 Thread added: 0x00000161a0ce7b60
Event: 4.402 Thread 0x000001619dae54a0 Thread added: 0x00000161a0ce7390
Event: 4.427 Thread 0x000001619dae54a0 Thread added: 0x00000161a06f1ce0
Event: 4.902 Thread 0x00000161ffd58d10 Thread exited: 0x00000161ffd58d10
Event: 4.918 Thread 0x000001619d60cac0 Thread added: 0x000001619f797a80
Event: 4.918 Thread 0x000001619d60cac0 Thread added: 0x000001619f799ac0
Event: 5.029 Thread 0x00000161ffd5c580 Thread exited: 0x00000161ffd5c580
Event: 5.352 Thread 0x00000161ffd59d30 Thread added: 0x000001619f7992b0
Event: 5.464 Thread 0x00000161ffd59d30 Thread added: 0x000001619f79a2d0
Event: 5.648 Thread 0x000001619f79a2d0 Thread exited: 0x000001619f79a2d0
Event: 5.648 Thread 0x000001619f7992b0 Thread exited: 0x000001619f7992b0
Event: 5.924 Thread 0x00000161ffd59d30 Thread added: 0x000001619f796a60
Event: 5.926 Thread 0x000001619f796a60 Thread added: 0x000001619f7992b0
Event: 5.962 Thread 0x000001619d60cac0 Thread added: 0x000001619f79a2d0
Event: 5.980 Thread 0x000001619f799ac0 Thread added: 0x000001619f79aae0
Event: 5.998 Thread 0x000001619f797a80 Thread added: 0x000001619f79b2f0


Dynamic libraries:
0x00007ff608280000 - 0x00007ff60828e000 	C:\Program Files\Eclipse Adoptium\jdk-25.0.2.10-hotspot\bin\java.exe
0x00007ffc316c0000 - 0x00007ffc31927000 	C:\Windows\SYSTEM32\ntdll.dll
0x00007ffc30680000 - 0x00007ffc30749000 	C:\Windows\System32\KERNEL32.DLL
0x00007ffc2e1b0000 - 0x00007ffc2e5a7000 	C:\Windows\System32\KERNELBASE.dll
0x00007ffc2b980000 - 0x00007ffc2ba20000 	C:\Windows\SYSTEM32\apphelp.dll
0x00007ffc2e5b0000 - 0x00007ffc2e6fb000 	C:\Windows\System32\ucrtbase.dll
0x00007ffc28050000 - 0x00007ffc2806e000 	C:\Program Files\Eclipse Adoptium\jdk-25.0.2.10-hotspot\bin\VCRUNTIME140.dll
0x00007ffc29b90000 - 0x00007ffc29ba6000 	C:\Program Files\Eclipse Adoptium\jdk-25.0.2.10-hotspot\bin\jli.dll
0x00007ffc304b0000 - 0x00007ffc30676000 	C:\Windows\System32\USER32.dll
0x00007ffc2e790000 - 0x00007ffc2e7b7000 	C:\Windows\System32\win32u.dll
0x00007ffc13770000 - 0x00007ffc13a02000 	C:\Windows\WinSxS\amd64_microsoft.windows.common-controls_6595b64144ccf1df_6.0.26100.8457_none_3e0b2faee331e92d\COMCTL32.dll
0x00007ffc30750000 - 0x00007ffc3077b000 	C:\Windows\System32\GDI32.dll
0x00007ffc2f650000 - 0x00007ffc2f6f9000 	C:\Windows\System32\msvcrt.dll
0x00007ffc2e9f0000 - 0x00007ffc2eb1c000 	C:\Windows\System32\gdi32full.dll
0x00007ffc2e7c0000 - 0x00007ffc2e863000 	C:\Windows\System32\msvcp_win.dll
0x00007ffc31050000 - 0x00007ffc31082000 	C:\Windows\System32\IMM32.DLL
0x00007ffc25cd0000 - 0x00007ffc25cdc000 	C:\Program Files\Eclipse Adoptium\jdk-25.0.2.10-hotspot\bin\vcruntime140_1.dll
0x00007ffc259d0000 - 0x00007ffc25a5d000 	C:\Program Files\Eclipse Adoptium\jdk-25.0.2.10-hotspot\bin\msvcp140.dll
0x00007ffae8c20000 - 0x00007ffae9b46000 	C:\Program Files\Eclipse Adoptium\jdk-25.0.2.10-hotspot\bin\server\jvm.dll
0x00007ffc30880000 - 0x00007ffc30936000 	C:\Windows\System32\ADVAPI32.dll
0x00007ffc30ad0000 - 0x00007ffc30b77000 	C:\Windows\System32\sechost.dll
0x00007ffc2f700000 - 0x00007ffc2f818000 	C:\Windows\System32\RPCRT4.dll
0x00007ffc2f840000 - 0x00007ffc2f8c0000 	C:\Windows\System32\WS2_32.dll
0x00007ffc2db20000 - 0x00007ffc2db7e000 	C:\Windows\SYSTEM32\POWRPROF.dll
0x00007ffc27ab0000 - 0x00007ffc27abb000 	C:\Windows\SYSTEM32\VERSION.dll
0x00007ffc1fe50000 - 0x00007ffc1fe86000 	C:\Windows\SYSTEM32\WINMM.dll
0x00007ffc2dac0000 - 0x00007ffc2dad4000 	C:\Windows\SYSTEM32\UMPDC.dll
0x00007ffc2ce40000 - 0x00007ffc2ce5b000 	C:\Windows\SYSTEM32\kernel.appcore.dll
0x00007ffc25cc0000 - 0x00007ffc25cca000 	C:\Program Files\Eclipse Adoptium\jdk-25.0.2.10-hotspot\bin\jimage.dll
0x00007ffc16cd0000 - 0x00007ffc16f12000 	C:\Windows\SYSTEM32\DBGHELP.DLL
0x00007ffc30c00000 - 0x00007ffc30f83000 	C:\Windows\System32\combase.dll
0x00007ffc2f940000 - 0x00007ffc2fa19000 	C:\Windows\System32\OLEAUT32.dll
0x00007ffc10070000 - 0x00007ffc100ab000 	C:\Windows\SYSTEM32\dbgcore.DLL
0x00007ffc2eb20000 - 0x00007ffc2ebc8000 	C:\Windows\System32\bcryptPrimitives.dll
0x00007ffc25cb0000 - 0x00007ffc25cbf000 	C:\Program Files\Eclipse Adoptium\jdk-25.0.2.10-hotspot\bin\instrument.dll
0x00007ffc25c90000 - 0x00007ffc25cae000 	C:\Program Files\Eclipse Adoptium\jdk-25.0.2.10-hotspot\bin\java.dll
0x00007ffc2f440000 - 0x00007ffc2f5d7000 	C:\Windows\System32\ole32.dll
0x00007ffc2fd20000 - 0x00007ffc3048e000 	C:\Windows\System32\SHELL32.dll
0x00007ffc2ebd0000 - 0x00007ffc2f43c000 	C:\Windows\System32\windows.storage.dll
0x00007ffc30940000 - 0x00007ffc30a36000 	C:\Windows\System32\SHCORE.dll
0x00007ffc2f5e0000 - 0x00007ffc2f646000 	C:\Windows\System32\shlwapi.dll
0x00007ffc2e010000 - 0x00007ffc2e039000 	C:\Windows\SYSTEM32\profapi.dll
0x00007ffc25c70000 - 0x00007ffc25c87000 	C:\Program Files\Eclipse Adoptium\jdk-25.0.2.10-hotspot\bin\zip.dll
0x00007ffc259b0000 - 0x00007ffc259c1000 	C:\Program Files\Eclipse Adoptium\jdk-25.0.2.10-hotspot\bin\net.dll
0x00007ffc2d390000 - 0x00007ffc2d3fc000 	C:\Windows\system32\mswsock.dll
0x00007ffc25990000 - 0x00007ffc259a6000 	C:\Program Files\Eclipse Adoptium\jdk-25.0.2.10-hotspot\bin\nio.dll
0x00007ffc25980000 - 0x00007ffc25990000 	C:\Program Files\Eclipse Adoptium\jdk-25.0.2.10-hotspot\bin\verify.dll
0x00007ffc063a0000 - 0x00007ffc063c7000 	C:\Users\usuario\.gradle\native\660c5614fbf4a5f2a75b1949f50a0caf5cd603558e7d8a26e50b933a0cfb79d1\windows-amd64\native-platform.dll
0x00007ffc10880000 - 0x00007ffc108f7000 	C:\Users\usuario\.gradle\native\0.2.8\x86_64-windows-gnu\gradle-fileevents.dll
0x00007ffc25970000 - 0x00007ffc2597a000 	C:\Program Files\Eclipse Adoptium\jdk-25.0.2.10-hotspot\bin\management.dll
0x00007ffc25960000 - 0x00007ffc2596c000 	C:\Program Files\Eclipse Adoptium\jdk-25.0.2.10-hotspot\bin\management_ext.dll
0x00007ffc2fa20000 - 0x00007ffc2fa28000 	C:\Windows\System32\PSAPI.DLL
0x00007ffc2c830000 - 0x00007ffc2c862000 	C:\Windows\SYSTEM32\IPHLPAPI.DLL
0x00007ffc304a0000 - 0x00007ffc304aa000 	C:\Windows\System32\NSI.dll
0x00007ffc25950000 - 0x00007ffc25959000 	C:\Program Files\Eclipse Adoptium\jdk-25.0.2.10-hotspot\bin\extnet.dll
0x00007ffc2d790000 - 0x00007ffc2d7ab000 	C:\Windows\SYSTEM32\CRYPTSP.dll
0x00007ffc2cda0000 - 0x00007ffc2cdd9000 	C:\Windows\system32\rsaenh.dll
0x00007ffc2d440000 - 0x00007ffc2d473000 	C:\Windows\SYSTEM32\USERENV.dll
0x00007ffc2dfe0000 - 0x00007ffc2e00a000 	C:\Windows\SYSTEM32\bcrypt.dll
0x00007ffc2d5f0000 - 0x00007ffc2d5fc000 	C:\Windows\SYSTEM32\CRYPTBASE.dll
0x00007ffc140e0000 - 0x00007ffc140ee000 	C:\Program Files\Eclipse Adoptium\jdk-25.0.2.10-hotspot\bin\sunmscapi.dll
0x00007ffc2e870000 - 0x00007ffc2e9e8000 	C:\Windows\System32\CRYPT32.dll
0x00007ffc2d960000 - 0x00007ffc2d990000 	C:\Windows\SYSTEM32\ncrypt.dll
0x00007ffc2d910000 - 0x00007ffc2d94f000 	C:\Windows\SYSTEM32\NTASN1.dll
0x00007ffbe2dc0000 - 0x00007ffbe2dc8000 	C:\Windows\system32\wshunix.dll
0x00007ffc2cf60000 - 0x00007ffc2cf96000 	C:\Windows\SYSTEM32\ntmarta.dll

JVMTI agents:
C:\Users\usuario\.gradle\wrapper\dists\gradle-9.3.0-bin\79n14ral3mx1ozqr3csh2u872\gradle-9.3.0\lib\agents\gradle-instrumentation-agent-9.3.0.jar path:C:\Program Files\Eclipse Adoptium\jdk-25.0.2.10-hotspot\bin\instrument.dll, loaded, initialized, instrumentlib options:none

dbghelp: loaded successfully - version: 4.0.5 - missing functions: none
symbol engine: initialized successfully - sym options: 0x614 - pdb path: .;C:\Program Files\Eclipse Adoptium\jdk-25.0.2.10-hotspot\bin;C:\Windows\SYSTEM32;C:\Windows\WinSxS\amd64_microsoft.windows.common-controls_6595b64144ccf1df_6.0.26100.8457_none_3e0b2faee331e92d;C:\Program Files\Eclipse Adoptium\jdk-25.0.2.10-hotspot\bin\server;C:\Users\usuario\.gradle\native\660c5614fbf4a5f2a75b1949f50a0caf5cd603558e7d8a26e50b933a0cfb79d1\windows-amd64;C:\Users\usuario\.gradle\native\0.2.8\x86_64-windows-gnu

VM Arguments:
jvm_args: --add-opens=java.base/java.lang=ALL-UNNAMED --add-opens=java.base/java.lang.invoke=ALL-UNNAMED --add-opens=java.base/java.util=ALL-UNNAMED --add-opens=java.prefs/java.util.prefs=ALL-UNNAMED --add-exports=jdk.compiler/com.sun.tools.javac.api=ALL-UNNAMED --add-exports=jdk.compiler/com.sun.tools.javac.util=ALL-UNNAMED --add-opens=java.base/java.util=ALL-UNNAMED --add-opens=java.prefs/java.util.prefs=ALL-UNNAMED --add-opens=java.base/java.nio.charset=ALL-UNNAMED --add-opens=java.base/java.net=ALL-UNNAMED --add-opens=java.base/java.util.concurrent=ALL-UNNAMED --add-opens=java.base/java.util.concurrent.atomic=ALL-UNNAMED --add-opens=java.xml/javax.xml.namespace=ALL-UNNAMED --add-opens=java.base/java.time=ALL-UNNAMED --enable-native-access=ALL-UNNAMED -XX:MaxMetaspaceSize=384m -XX:+HeapDumpOnOutOfMemoryError -Xms256m -Xmx512m -Dfile.encoding=UTF-8 -Duser.country=US -Duser.language=en -Duser.variant -javaagent:C:\Users\usuario\.gradle\wrapper\dists\gradle-9.3.0-bin\79n14ral3mx1ozqr3csh2u872\gradle-9.3.0\lib\agents\gradle-instrumentation-agent-9.3.0.jar 
java_command: org.gradle.launcher.daemon.bootstrap.GradleDaemon 9.3.0
java_class_path (initial): C:\Users\usuario\.gradle\wrapper\dists\gradle-9.3.0-bin\79n14ral3mx1ozqr3csh2u872\gradle-9.3.0\lib\gradle-daemon-main-9.3.0.jar
Launcher Type: SUN_STANDARD

[Global flags]
     intx CICompilerCount                          = 12                                        {product} {ergonomic}
   size_t CompressedClassSpaceSize                 = 335544320                                 {product} {ergonomic}
     uint ConcGCThreads                            = 5                                         {product} {ergonomic}
     uint G1ConcRefinementThreads                  = 18                                        {product} {ergonomic}
   size_t G1HeapRegionSize                         = 1048576                                   {product} {ergonomic}
     bool HeapDumpOnOutOfMemoryError               = true                                   {manageable} {command line}
   size_t InitialHeapSize                          = 268435456                                 {product} {command line}
   size_t MarkStackSize                            = 4194304                                   {product} {ergonomic}
   size_t MarkStackSizeMax                         = 536870912                                 {product} {ergonomic}
   size_t MaxHeapSize                              = 536870912                                 {product} {command line}
   size_t MaxMetaspaceSize                         = 402653184                                 {product} {command line}
   size_t MaxNewSize                               = 321912832                                 {product} {ergonomic}
   size_t MinHeapDeltaBytes                        = 1048576                                   {product} {ergonomic}
   size_t MinHeapSize                              = 268435456                                 {product} {command line}
    uintx NonNMethodCodeHeapSize                   = 7602176                                {pd product} {ergonomic}
    uintx NonProfiledCodeHeapSize                  = 122093568                              {pd product} {ergonomic}
    uintx ProfiledCodeHeapSize                     = 121962496                              {pd product} {ergonomic}
    uintx ReservedCodeCacheSize                    = 251658240                              {pd product} {ergonomic}
     bool SegmentedCodeCache                       = true                                      {product} {ergonomic}
   size_t SoftMaxHeapSize                          = 536870912                              {manageable} {ergonomic}
     bool UseCompressedOops                        = true                           {product lp64_product} {ergonomic}
     bool UseG1GC                                  = true                                      {product} {ergonomic}
     bool UseLargePagesIndividualAllocation        = false                                  {pd product} {ergonomic}

Logging:
Log output configuration:
 #0: stdout all=warning uptime,level,tags foldmultilines=false
 #1: stderr all=off uptime,level,tags foldmultilines=false

Release file:
IMPLEMENTOR="Eclipse Adoptium" 
IMPLEMENTOR_VERSION="Temurin-25.0.2+10" 
JAVA_RUNTIME_VERSION="25.0.2+10-LTS" 
JAVA_VERSION="25.0.2" 
JAVA_VERSION_DATE="2026-01-20" 
LIBC="default" 
MODULES="java.base java.compiler java.datatransfer java.xml java.prefs java.desktop java.instrument java.logging java.management java.security.sasl java.naming java.rmi java.management.rmi java.net.http java.scripting java.security.jgss java.transaction.xa java.sql java.sql.rowset java.xml.crypto java.se java.smartcardio jdk.accessibility jdk.internal.jvmstat jdk.attach jdk.charsets jdk.internal.opt jdk.zipfs jdk.compiler jdk.crypto.cryptoki jdk.crypto.ec jdk.crypto.mscapi jdk.dynalink jdk.internal.ed jdk.editpad jdk.internal.vm.ci jdk.graal.compiler jdk.graal.compiler.management jdk.hotspot.agent jdk.httpserver jdk.incubator.vector jdk.internal.le jdk.internal.md jdk.jartool jdk.javadoc jdk.jcmd jdk.management jdk.management.agent jdk.jconsole jdk.jdeps jdk.jdwp.agent jdk.jdi jdk.jfr jdk.jlink jdk.jpackage jdk.jshell jdk.jsobject jdk.jstatd jdk.localedata jdk.management.jfr jdk.naming.dns jdk.naming.rmi jdk.net jdk.nio.mapmode jdk.sctp jdk.security.auth jdk.security.jgss jdk.unsupported jdk.unsupported.desktop jdk.xml.dom" 
OS_ARCH="x86_64" 
OS_NAME="Windows" 
SOURCE=".:git:9e3c947043a4" 
BUILD_SOURCE="git:458965074606f027bd5afce2cfd5c1055dea0438"
BUILD_SOURCE_REPO="https://github.com/adoptium/temurin-build.git"
SOURCE_REPO="https://github.com/adoptium/jdk25u.git"
FULL_VERSION="25.0.2+10-LTS"
SEMANTIC_VERSION="25.0.2+10"
BUILD_INFO="OS: Windows Server 2022 Version: 10.0"
JVM_VARIANT="Hotspot"
JVM_VERSION="25.0.2+10-LTS"
IMAGE_TYPE="JDK"

Environment Variables:
JAVA_HOME=C:\Program Files\Eclipse Adoptium\jdk-25.0.2.10-hotspot\
PATH=C:\Program Files\Eclipse Adoptium\jdk-25.0.2.10-hotspot\bin;C:\Program Files (x86)\Common Files\Oracle\Java\java8path;C:\Program Files (x86)\Common Files\Oracle\Java\javapath;C:\Program Files\Eclipse Adoptium\jdk-21.0.8.9-hotspot\bin;C:\Windows\system32;C:\Windows;C:\Windows\System32\Wbem;C:\Windows\System32\WindowsPowerShell\v1.0\;C:\Windows\System32\OpenSSH\;C:\Program Files\NVIDIA Corporation\NVIDIA App\NvDLISR;C:\Program Files (x86)\NVIDIA Corporation\PhysX\Common;C:\Program Files\dotnet\;C:\Program Files\nodejs\;C:\Users\usuario\AppData\Local\Muse Hub\lib;C:\Program Files\Git\cmd;C:\Program Files\Cloudflare\Cloudflare WARP\;C:\Users\usuario\AppData\Local\Microsoft\WindowsApps;C:\Users\usuario\AppData\Local\Programs\Microsoft VS Code\bin;C:\Users\usuario\AppData\Local\GitHubDesktop\bin;C:\Users\usuario\.dotnet\tools;C:\Users\usuario\AppData\Roaming\npm;C:\Users\usuario\AppData\Local\Python\bin;C:\Users\usuario\AppData\Local\Programs\Python\Python314\Scripts;C:\Users\usuario\AppData\Local\Python\pythoncore-3.11-64\Scripts;C:\Users\usuario\AppData\Local\Muse Hub\lib;C:\Users\usuario\AppData\Local\Microsoft\WinGet\Packages\Gyan.FFmpeg_Microsoft.Winget.Source_8wekyb3d8bbwe\ffmpeg-8.1.1-full_build\bin;
USERNAME=usuario
OS=Windows_NT
PROCESSOR_IDENTIFIER=Intel64 Family 6 Model 183 Stepping 1, GenuineIntel
TMP=C:\Users\usuario\AppData\Local\Temp
TEMP=C:\Users\usuario\AppData\Local\Temp




Compilation memory statistics disabled.

Periodic native trim disabled

---------------  S Y S T E M  ---------------

OS:
 Windows 11 , 64 bit Build 26100 (10.0.26100.8328)
OS uptime: 0 days 4:21 hours
Hyper-V role detected

CPU: total 24 (initial active 24) (16 cores per cpu, 2 threads per core) family 6 model 183 stepping 1 microcode 0x123, cx8, cmov, fxsr, ht, mmx, 3dnowpref, sse, sse2, sse3, ssse3, sse4.1, sse4.2, popcnt, lzcnt, tsc, tscinvbit, avx, avx2, aes, erms, clmul, bmi1, bmi2, adx, sha, fma, vzeroupper, clflush, clflushopt, clwb, hv, serialize, rdtscp, rdpid, fsrm, gfni, f16c, cet_ibt, cet_ss
Processor Information for the first 24 processors :
  Max Mhz: 3200, Current Mhz: 3200, Mhz Limit: 3200

Memory: 4k page, system-wide physical 65369M (36578M free)
TotalPageFile size 69465M (AvailPageFile size 37842M)
current process WorkingSet (physical memory assigned to process): 386M, peak: 390M
current process commit charge ("private bytes"): 502M, peak: 516M

vm_info: OpenJDK 64-Bit Server VM (25.0.2+10-LTS) for windows-amd64 JRE (25.0.2+10-LTS), built on 2026-01-20T00:00:00Z with MS VC++ 17.12 (VS2022)

END.
